职场表达	职场会接话的重要性～	6a051e9e00000000080026df	快乐的小小我	12.9万
职场表达	职场会接话的重要性（老板篇）	6a05377b0000000006022164	沙伲有梗	1.8万
职场表达	全英会议不再是我们职场最大的绊脚石！码住	67d8f08e000000001201c472	静待花开（英语伴读日记）	3378
职场表达	如何让你的职场沟通拥有"高管感"	69e45896000000001a02f5bc	Pitaaaa的成长笔记	3460
职场表达	6个万能表述公式，告别逻辑混乱	68c56210000000001d019860	培训杰森老师	4711
职场表达	弱者表达，正在激起同事的恶意	69d842450000000021012226	Mr Jonathan	1.4万
职场表达	(无标题)	6a1a417200000000370368b5	向上渡己	3396
职场表达	职场里一定要减少这些弱者表达！	69a6e6570000000022031f63	拽姐聊职场（日更版）	4829
职场表达	讲话没逻辑？ 你缺个表达框架	691d5985000000001f006bdb	夏鹏职场认知	5703
职场表达	老外挂在嘴边的职场简洁表达	6a0d6dc30000000036033794	海外产品的英语日常	559
面试技巧	看完这篇再去面试，瞬间提升好感度	692e6443000000001b032902	Mr Jonathan	1.3万
面试技巧	安永审计面试速通技巧	6a8018b8000000003301bd00	陈思炜陪你找工作	18
面试技巧	找工作，如何把平平无奇的经历说的更高级？	69a9706e000000001a0373a7	林木互联网职场说	1814
面试技巧	华人面试张口就来的3句话	69d7063600000000210122ce	Mr Jonathan	7487
面试技巧	加拿大面试，为什么总是拿不到Offer？	6a56a764000000000c003000	VPEA加国留学指南	9
面试技巧	面试次数多了，什么都倒背如流！	6a7ada9f000000002701f925	工作顺利来	55
面试技巧	靠12个Claude提示词，分分钟拿下dream offer	69b3e616000000001d01b55e	Mr. Miss	187
面试技巧	不会storytelling 太费offer了	69f135ff0000000038020d46	Mr Jonathan	1025
面试技巧	失业求职必看：越想证明自己，面试越被动	69d2ee60000000001b00288b	猴猴肚肚	2871
面试技巧	【全英】准备越充分，面试越僵硬？	690cff4e0000000005010bd3	Car1卡尔	1406
面试技巧	加拿大面试最后5分钟：一句话HR当场发Offer	67b93b7a000000000603d0b6	加区职场避雷针	9
面试技巧	面试一定要会反问！会反问！会反问！	6a32967b0000000007027216	胖菠萝堡	8.4万
面试技巧	面试官是怎么看出来一个人能力差的	6a2290d3000000003502aad3	孙悟书	2.4万
面试技巧	自我介绍的结构	6958db2b000000001e00bf12	刚哥的运营笔记	4.3万
面试技巧	面试官的陷阱 你就傻傻的跳进去了？	69d5656b000000002102d3f9	Mr Jonathan	2562
面试技巧	面试不要过度准备	69c4067600000000230130bb	菲姐开窍了	1万
面试技巧	面试技巧☆自我介绍	686b0082000000000b02c880	Vamos a aprenderlo	36
面试技巧	读懂hr的潜台词，轻松get心仪offer	68d4b282000000000e0239eb	林清轩邱	—
面试什么话该说	看完这篇再去面试，瞬间提升好感度	692e6443000000001b032902	Mr Jonathan	1.3万
面试什么话该说	面试次数多了，什么都倒背如流！	69d761b4000000001e00f465	早晚暴富的小瑜同学	3209
面试什么话该说	(无标题)	6a37ffd70000000011017ada	May May	152
面试什么话该说	面试时不要太老实！这样回答才加分	6a5e2dc40000000014004207	练表达的橙子	1.4万
面试什么话该说	华人面试张口就来的3句话	69d7063600000000210122ce	Mr Jonathan	7487
面试什么话该说	高频面试题标准答案（附话术版）来抄作业！	68a6ffdb000000001d01c6a8	乐来乐职	1.5万
面试什么话该说	面试不管问你啥，记住一个话术原则	6987d6aa000000001502048a	七月（职场引领官）	163
面试什么话该说	面试时这样介绍项目经历，通过率提升90%	694ce910000000001f00fe7e	Ken的趣识堂	1.1万
面试什么话该说	HR面过两千人总结出的经验❗️拿offer必看	66d2e147000000001f03f066	不做人事的猕猴唐	4万
面试什么话该说	求职面试英语	697c7f98000000000d00b583	Jonathan彭玉印	1026
面试什么话该说	弱爆vs自信，面试话术差太多了	69d7669c000000001b00240e	斐常职场	98
面试什么话该说	这道面试必问题 需要一点心眼子来回答	695ed1f0000000002103f47a	Mr Jonathan	1.8万
面试什么话该说	面试不管问你啥 就记住一个话术原则	69f0892d000000003503be84	之间之见	2218
面试什么话该说	其实95%的job interview，确实靠背出来的	67176563000000001600caa5	becky在波士顿	2070
面试什么话该说	【全英】准备越充分，面试越僵硬？	690cff4e0000000005010bd3	Car1卡尔	1406
面试什么话该说	不管哪个专业，第一轮的面试大同小异！	6861a96700000000120225bf	Ellyn硅谷成长笔记	1423
面试什么话该说	00后面试自我介绍已是nextlevel了（万能公式	66d82df5000000001e01b8bb	珍波椰去冰	2.7万
面试什么话不能说	结构化面试什么不能说	6a715944000000002c007c61	Eric 职场潜台词翻译官	2
面试什么话不能说	华人面试张口就来的3句话	69d7063600000000210122ce	Mr Jonathan	7487
面试什么话不能说	HR听了最反感的5句话	69806603000000000e00c8d4	罗罗	831
面试什么话不能说	每次都后悔，最后时刻没什么问题问面试官	663a7ac0000000001e0335fa	北美求职推荐官	887
面试什么话不能说	job interview面试，骂醒一个是一个	6777bf44000000001300a3ed	Lilly in Au	1070
面试什么话不能说	面试时 你不得不说的4个谎言	69ded44b000000001a026a00	Mr Jonathan	8787
面试什么话不能说	面试大忌：不该说的别说！	67c6f7d2000000000703524e	华尔街小哥哥哈利火(百万跃迁)	3762
面试什么话不能说	面试官讨厌的三句话	6a2512cd000000000803318a	说声谢谢我爱你	2.5万
面试什么话不能说	强烈建议大家一定要有一个属于自己的面试体	6a4235c100000000080302b6	野生Kiki要搞事业（无话不聊版）	798
面试什么话不能说	听不懂HR的潜台词❓难怪面试不成功❗️	6a13c9150000000007022d9c	Justin学长	1728
面试什么话不能说	强烈建议大家面试时不该说的话别说	695f8f1d000000000b00ad93	小韩求职记（日更版	4968
面试什么话不能说	一些给人印象很差的面试行为	6a213d46000000000702100d	积极成长的慧娜	2512
面试什么话不能说	不想白跑一趟，面试时这4句话一定不要说！	6731ef07000000003c01404f	不做人事的猕猴唐	1.4万
面试什么话不能说	面试最后一步问这些，offer稳了	67aaa5e2000000002901f4c2	Mr Jonathan	3423
面试什么话不能说	实战经验告诉你，面试官的那些：潜台词！	67502ad50000000002039cb9	vv燕文	37万
面试什么话不能说	面试不管问你啥 就记住一个话术原则	69f0892d000000003503be84	之间之见	2218
面试什么话不能说	面试像聊天 反而拿offer	67188ff80000000021002cbf	key319	1.2万
职场高情商接话模板	被夸只会说"没有啦"？码住50句高情商接话	69c1dfcd000000001d019da3	是沐沐呀在养自己	8851
职场高情商接话模板	职场会接话的重要性～	6a051e9e00000000080026df	快乐的小小我	12.9万
职场高情商接话模板	(无标题)	69b1702c0000000016008fdc	人性奥秘	1371
职场高情商接话模板	每天背一句，半个月后情商一路飙升。	6743192500000000070353a3	卢威高情商表达技巧	1万
职场高情商接话模板	职场中的高情商接话	6a65e126000000001002bd9b	沙伲有梗	1.4万
职场高情商接话模板	让领导上级爽死的20套高情商话术！	68bab99c000000001d004ea6	成哥微书库	1595
职场高情商接话模板	外企会议被cue？高情商英文应对超体面	69dda0db000000001a036084	外企职场英语Sya	286
职场高情商接话模板	一个很重要但被严重低估的社交技巧：接话❗️	697b3226000000000a032570	一款雷雷	1.9万
职场高情商接话模板	高情商接话话术	69afa84c000000001d024785	喵伴书卷	2077
职场高情商接话模板	职场中的高情商接话技巧	6a6940b3000000000101c03f	职场高情商祥子	4236
职场高情商接话模板	必看！12句幽默句子，让你轻松逗笑全场	67c9b6fe000000002900ac6b	万灵书声	2094
职场高情商接话模板	6个万能表述公式，告别逻辑混乱	68c56210000000001d019860	培训杰森老师	4711
职场高情商接话模板	(无标题)	69944321000000001d0131cb	人性奥秘	579
职场高情商接话模板	职场沟通很强的人都会建立SOP	69dd9b4e000000001d01f213	Y姐的职场日记	5723
职场高情商接话模板	当你学会高情商接话	6a60dde0000000000f0139f2	春秋蝉（ai 剧场）	1525
职场高情商接话模板	职场嘴笨自救攻略	695a2e19000000001f00fad0	职场鸭鸭	1.1万
职场高情商接话模板	(无标题)	6a27e8d2000000001603d292	张大碗子	11.8万
职场高情商接话模板	饭局高情商话术	6a2820590000000017028d42	南乔知礼	1141
职场高情商接话模板	(无标题)	6a39d2720000000011005237	小皮筋的碎碎念	54
职场高情商接话模板	接对话是种高级的能力！	69560f54000000001f00de23	赵伟你好	8.1万
面试没离职该不该说真话	面试时 你不得不说的4个谎言	69ded44b000000001a026a00	Mr Jonathan	8787
面试没离职该不该说真话	面试被拒，三个月后面试官直接给offer了❗️	66a2d529000000000a005bc8	Ryan数据求职	343
面试没离职该不该说真话	面试被问离职原因，能说真话吗？	6a7e91cf0000000029033f37	巧克力聊职场	2
面试没离职该不该说真话	有些离职原因，真的别说	69f32aca000000003603320c	一只懒杨	5650
面试没离职该不该说真话	面试官最喜欢的离职原因❗	6a05fa22000000003502e754	安安的安	2.2万
面试没离职该不该说真话	离职时，到底该不该透露真实原因？	6a0171e6000000000702842f	职场教练张张	19
面试没离职该不该说真话	面试官问你离职原因，千万别说真话	6a64ac490000000011019e03	媛姐	3
面试没离职该不该说真话	离职谈判别怂！公司最怕你说的5句反杀话！	67da660d000000000903a84b	小红薯67D83375	326
面试没离职该不该说真话	奉劝大家，面试不该说的别乱说	6a0962950000000007013f46	意宝学姐	2.1万
面试没离职该不该说真话	真心建议面试时不该说的话千万别说	6592c0c7000000001d014585	宇航员的面试宝典	1.2万
面试没离职该不该说真话	面试是否应该提及被裁员	672e9813000000001b0285b4	宁古塔厂妹	19
面试没离职该不该说真话	面试时被问到空窗期要不要说实话？	69fd91e9000000003802034f	依凡就三岁	323
面试没离职该不该说真话	面试的时候，这些真心话千万不能说	6a369cde000000001700bd83	宝藏茜茜(求职版)	3210
面试没离职该不该说真话	真心建议大家面试不该说的话别说..	65f067d5000000001203cb46	蛋仔超会面试	1.6万
面试没离职该不该说真话	说真的，面试要撒谎，可别太老实了	6712924e0000000024017b97	豹哥简历优化	660
面试没离职该不该说真话	国人总爱过度解释离职原因	69c1dcb8000000001a0220e4	Mr Jonathan	6679
面试没离职该不该说真话	失业求职必看：越想证明自己，面试越被动	69d2ee60000000001b00288b	猴猴肚肚	2871
面试没离职该不该说真话	面试官最喜欢的离职原因‼️（不撒谎稳过版	6a353568000000000f0280ec	孙悟书	1.1万
面试没离职该不该说真话	被问空窗期，你可以这样解释（不撒谎稳过版）	6a3bd34e000000000f03280b	孙悟书	9047
面试没离职该不该说真话	HR最想听的8个离职原因（一篇讲清楚）	693bdd80000000001e02e022	自由淼淼	5万
反问话术模板	如何通过面试反问 制造不属于你的机会	6a3330010000000016026343	Mr Jonathan	886
反问话术模板	一次性把教练对话中的有效话术说清楚	666c4591000000000d00cdbe	叶在觉优势教练咨询	1142
反问话术模板	我让AI"反问我"之后，输出质量直接翻倍了	69e7fb790000000023010605	硅星觉醒	1428
反问话术模板	万能吵架话术！我现在强的不行	6a0293ff00000000380201d0	佛系婆婆续航计划	208
反问话术模板	利他性话术，销售表达升级	6a07160a0000000035020541	阿乔的销售笔记	673
反问话术模板	聊天杀手"反问句"：一听到它分享欲瞬间清零	6a707414000000002403c823	香港心理學家 Dr Candy	18
反问话术模板	学会这100句反问术，让面试官刮目相看！	69672a70000000000d00a942	wendy英语干货铺	73
反问话术模板	管理者要学会的绝招：反问！	69a2b80100000000150303c0	Colleague（助力职场成长）	250
反问话术模板	AI"反问"我，结果大不同！	69f94da8000000001b020e4f	木木的运营笔记	41
反问话术模板	外企高频沟通｜30句向老板请教的话术	6a5d5bbd0000000011018c29	Ms.Coco	38
反问话术模板	管得越少，团队越强?秘诀就在"会反问"!	694e55a4000000001e026e4d	职场话题汇	63
反问话术模板	管理者反问话术，既能管住人，又不得罪人	6a5495c6000000001702d256	大飛手记	9
反问话术模板	1个让你不再被任何人压着走的方法∶反问	692f2750000000001902544e	熹光指南	309
反问话术模板	拒绝精神内耗 全网最狠反问话术	6a1ae1ee0000000007025540	古月美姐	12
反问话术模板	面试一定要会反问！会反问！会反问！	6a32967b0000000007027216	胖菠萝堡	8.4万
反问话术模板	3个反问让面试官决定录用你	69bc0932000000001a0204e6	予希执行力提升	4.3万
反问话术模板	张口就赢，拿回话语权！	68a72a0d000000001d01a19a	江雪的成长小窝	3108
反问话术模板	面试技巧☆刁钻问答	686a7eba0000000010013166	Vamos a aprenderlo	523
反问话术模板	救命！50句苏格拉底式提问话术	6974afcb000000001a0266c2	艾薇说心理123	44
面试临场发挥	看完这篇再去面试，瞬间提升好感度	692e6443000000001b032902	Mr Jonathan	1.3万
面试临场发挥	面试时这样介绍项目经历，通过率提升90%	694ce910000000001f00fe7e	Ken的趣识堂	1.1万
面试临场发挥	面试不管问你啥，记住一个话术原则	6987d6aa000000001502048a	七月（职场引领官）	163
面试临场发挥	面试中如何迅速体现"AI思维"	69c1e95a0000000022001c80	Mr Jonathan	1450
面试临场发挥	【全英】准备越充分，面试越僵硬？	690cff4e0000000005010bd3	Car1卡尔	1406
面试临场发挥	压力面试，是你甩开对手的好机会（第三期）	69a11684000000001a026624	会说话的豆腐	4.4万
面试临场发挥	这道面试必问题 需要一点心眼子来回答	695ed1f0000000002103f47a	Mr Jonathan	1.8万
面试临场发挥	说到底：害怕面试是因为思考能力差	69d0dc3c0000000023027ad8	霏霏霏常不错	785
面试临场发挥	新书面试神器：如何在面试中大放异彩	6672a75b000000001d01b7a1	树夏书屋精选新书版	193
面试临场发挥	精准拿捏面试开场，自我介绍标准答案	6751860000000000070326ea	是科科啊	1.3万
面试临场发挥	临时抱佛脚看这篇就够！	693e8958000000001f00c959	好莱坞alex老师	1678
面试临场发挥	面试的精髓：表演松弛和自信	69a2ba94000000002602d53c	事事顺意（接上岸）	33
面试临场发挥	如果你工作也认真做了，但一面试就大脑空白	69de2ef6000000002102c969	林木互联网职场说	1371
面试临场发挥	面试的精髓：表演松弛和自信	6601988e0000000013025a78	桔子在职场(待解放版)	2.1万
面试临场发挥	学会如何更加结构化的即兴表达	660b4c6c000000001b00f6ab	SimonTalk	521
面试临场发挥	让90%的人卡壳去吧，你悄悄学就行了	66ee7c42000000002700576d	名字超难发音的Elysia	1.6万
面试临场发挥	面试不是考试，不需要完美英文	67eb119f000000001c009a01	Mr Jonathan	3665
面试临场发挥	马上要面试了，没有时间准备、听这个！绝对够	689518190000000004005156	Dandan	3.4万
面试临场发挥	面试技巧领导在面试时最关心的是什么？	69bb67420000000021038e8a	芳宇教练空间	2298
面试临场发挥	我就说吧 行为面试大佬在人间	670a78fd00000000240192eb	momo	1万
