案例ID,场景,对方原话,我的原话,结果,可迁移的那一句,已用于哪些笔记,来源,来源链接,状态
C001,晋级答辩-评委刁难,你这个项目有什么价值？你对产品体系是怎么思考的？,我当时的回答有点乱了，我真的是把问题当成了问题，我大概的回答是这个项目具体的价值等等，包括我当时对产品体系的思考。,"结果是越说越乱套，本来做的产品就不是""热门""产品，并且很多评委是不懂，不知道的，所以越是讲细节，越是让大家迷惑，而我忘记了这是一个晋级答辩，答辩是未来体现出我的能力，我的价值，而不是项目本身。",别忘了这是晋级答辩，不是项目展示,成稿_2026-08-01_晋升答辩被问倒（2026-08-02 发布）；成稿_2026-08-06_晋升答辩数据来源,自有,,已确认
C002,立项-抢HC抢预算,待补充,待补充,待补充,待补充,,自有,,已确认
C003,坏消息上报-线上事故复盘,待补充,待补充,待补充,待补充,,自有,,已确认
C004,跨部门推动-无实权让人干活,待补充,待补充,待补充,待补充,,自有,,已确认
C005,绩效谈薪-被打低分后的对话,待补充,待补充,待补充,待补充,,自有,,已确认
C006,组织变动-换老板后表态,待补充,待补充,待补充,待补充,,自有,,已确认
C007,offer谈薪-HR称预算封顶（面试官/教练视角）,我们的预算就这样，没有调整空间了。,我理解预算这块有限制，我想确认一下——这个数字指的是到手底薪，还是包含了绩效？,学员当场答「好的，我理解」，后悔一周；另一位候选人先问清边界再重开对话，最终多拿6000，HR事后说「你是第一个问这个问题的候选人」,这个数字指的是到手底薪，还是包含了绩效？,成稿_2026-07-07_谈薪HR说就这个预算；成稿_2026-08-02_谈薪预算就这么多,自有,,已确认
C008,终面收尾追问-你还有什么想问我的（面试官视角）,没有，都挺清楚的。,你还有什么想问我的吗？,我心里咯噔一下，笔停在「待定」那栏；同场另一位候选人反问了一句具体项目难点，当场多聊十分钟，被挪到「优先」,这个岗位近期最想解决的一个具体问题是什么？,成稿_2026-07-20_面试官最后追问都在埋；成稿_2026-08-02_第三轮hr面试问什么,自有,,已确认
C009,结构化面试-被问最大短板（面试官视角）,（候选人）一口气说了三个缺点，还各举了一个例子,你觉得自己最大的短板是什么？,多交代的缺点没换来诚实分，落成评分表上的扣分记录；带过的两个学员，什么都往外倒的通过率不到两成，先想「这题在测什么」的三个月连拿两个offer,话要真，但不必全说。,成稿_2026-07-29_老实人面试怎么选着说；成稿_2026-08-02_结构化面试不能说,自有,,已确认
C010,谈薪-HR称岗位预算封顶,不好意思，这个岗位的预算就这么多，这是我们能给到的最高了。,我理解公司有预算限制，但基于我的经验和岗位价值，我期望的薪资是XX。,【场景还原·非亲历】待补真实结果——发生了什么、对方反应、最终结局,我期望的薪资是XX（先把价值锚点摆出来，再谈数字）,成稿_2026-08-19_预算就这么多（2026-08-19，待人工）,自有,,已确认
C011,绩效面谈-被打低分后开口,整体来看，你在这个项目上的交付质量和主动性，离这个岗位的要求还有差距。,领导，这个分数我确实有点意外，能不能请您具体说一下，主要是哪几件事上没达到预期？,【场景还原·非亲历】待补真实结果——发生了什么、对方反应、最终结局,这个分数我确实有点意外，能不能请您具体说一下——把情绪换成提问，逼对方给出可反驳的具体项,成稿_2026-08-06_低分理由分三种；成稿_2026-08-07_开口先要一份清单；成稿_2026-08-07_绩效被打低分；成稿_2026-08-08_绩效被打低分先别问为什么；成稿_2026-08-08_他知道的比你以为的少,自有,,已确认
C012,汇报-被领导打断质疑数据来源,等一下，这个数据是哪个系统出的？我怎么记得之前看的是另一个数？,根据最新数据，这个活动的转化率提升了15%……（被打断）,【场景还原·非亲历】待补真实结果——发生了什么、对方反应、最终结局,先答数据出处再回主线，不要急着解释结论,（待用｜对应词：汇报被领导打断怎么接）,自有,,已确认
C013,向上沟通-领导已读不回,（长时间无回复）,领导，请问XX方案您这边看过了吗？如果没问题我就按这个推进了。,【场景还原·非亲历】待补真实结果——发生了什么、对方反应、最终结局,如果没问题我就按这个推进了——把沉默转成默认授权，同时留下时间戳,（待用｜对应词：领导不回消息该不该追问）,自有,,已确认
C014,汇报-方案讲完领导沉默,（沉默3-5秒，没有表情，没有点头，也没有提问，只是看着你）,……以上就是我的整体方案，主要围绕这几个方面展开。想听听您的意见。,【场景还原·非亲历】待补真实结果——发生了什么、对方反应、最终结局,沉默不是否定，是你没给他一个好回答的问题,（待用｜对应词：说完方案领导没反应怎么办）,自有,,已确认
C015,面试-被问及隐私边界,方便问一下你目前住在哪个区域吗？或者你家里有没有本地户口？,不好意思，根据招聘规范，个人信息方面我可能不太方便透露。不过我可以介绍一下我目前的工作情况和居住地附近的通勤情况，这应该不影响您判断我的匹配度。,【场景还原·非亲历】待补真实结果——发生了什么、对方反应、最终结局,不方便透露，但我可以给你真正想要的那个信息——拒绝的同时把话接住,（待用｜对应词：面试不能透露个人信息包括哪些）,自有,,已确认
C016,谈薪-被要求提供薪资流水,我们这边需要你提供一下近半年的薪资流水，作为定薪参考。,我理解公司的流程。不过坦率说，我目前薪资因为历史原因偏低，不能反映我的真实市场价值。我更希望您基于我在面试中展现的能力和这个岗位的市场薪酬范围来定薪，而不是被我的过往薪资锁死。,【场景还原·非亲历】待补真实结果——发生了什么、对方反应、最终结局,不要被我的过往薪资锁死——把锚点从历史价格挪到岗位价值,（待用｜对应词：现在工资太低跳槽怎么谈薪）,自有,,已确认
C017,空降-与核心骨干第一次1对1,好的，老板。那如果遇到需要决策的事，是直接找你，还是先按老流程走？,张工，很高兴能和你聊聊。我刚来，还在了解情况，你这边的工作一切照旧，不需要因为我的到来而打乱节奏。接下来两周我会逐步约大家单独交流。,【场景还原·非亲历】待补真实结果——发生了什么、对方反应、最终结局,你这边工作一切照旧，不需要因为我的到来而打乱节奏——先卸下防备再谈改变,（待用｜对应词：空降新老板前30天怎么站稳）,自有,,已确认
C018,试用期-临期主动报风险,你之前没有及时跟我报风险，现在快到期了才说，这个情况让我很难办。,领导，我的试用期快到了，但XX项目因为客户审批卡住，预计在试用期内很难拿到最终结果。想跟您同步一下，看能不能调整这部分考核的截止时间，或者换一个可量化的验证指标。,【场景还原·非亲历】待补真实结果——发生了什么、对方反应、最终结局,换一个可量化的验证指标——争取的不是宽限，是换考卷,（待用｜对应词：试用期快结束没拿到结果怎么办）,自有,,已确认
H001,研0学生对是否继续读研深耕学术还是及时转行心里没底、用商量语气自我说服,,好的，那我先干一年看看有没有学术天赋，研二上就及时调整，您看这样可以吗,,,,采集,https://www.xiaohongshu.com/explore/6a6dabeb0000000028006e67?xsec_token=ABk31yDVGRaeJy7muaLFSpuDnD43szJsYzgEl4E0Pk4EU=&xsec_source=pc_feed,待确认
H002,主动接手无人愿管的烂摊子/难项目换来了连续多年翻倍涨薪的真实经历,,说得真对，我就是担起了一个烂摊子，连续几年老板都主动给我常规幅度双倍的涨薪,,,,采集,https://www.xiaohongshu.com/explore/6980a238000000000a0284b5?xsec_token=ABkwVhSwSuEceyASCD9S0NgCEtBMc-QwbtjCD4zCKddMg=&xsec_source=pc_feed,待确认
H003,入职时未问清年终奖对非全年在职员工的折算规则，转正后年终奖发放被和绩效谈话结果绑定，处于被动等待状态,,入职前跟我说了年终奖是13薪，但忘记问中途入职怎么算🥲，现在转正一直没给我发，说需要通过+2跟我谈话根据情况发这对吗,,,,采集,https://www.xiaohongshu.com/explore/6a02f0f5000000000803e177?xsec_token=ABkXFKZTxfjr6_TrB3sY0sOPrH8d7gwTXXjlInKK7RSqQ=&xsec_source=pc_search,待确认
H004,探测词：总经理终面一般会问什么,,我现在的工作也很轻松 每天工作6-8小时 工资8000没压力,,,,采集,https://www.xiaohongshu.com/explore/6a5e2dc40000000014004207?xsec_token=ABoihdyoCA0DQjoIvzznrui1OaVBQc-r02jBNHIGckk-0=&xsec_source=pc_search,待确认
H005,探测词：总经理终面一般会问什么,,对面问薪资该如何回答 ，我是这样回答 期望薪资在你们的写的范围内,,,,采集,https://www.xiaohongshu.com/explore/6a5e2dc40000000014004207?xsec_token=ABoihdyoCA0DQjoIvzznrui1OaVBQc-r02jBNHIGckk-0=&xsec_source=pc_search,待确认
H006,探测词：总经理终面一般会问什么,,都是虚的 有的能力强的就是懒得说客套话。会说客套话的不一定做的好。作为老板认不清这一点趁早关了公司找个班儿上，一天天的净整这些虚的,,,,采集,https://www.xiaohongshu.com/explore/6a5e2dc40000000014004207?xsec_token=ABoihdyoCA0DQjoIvzznrui1OaVBQc-r02jBNHIGckk-0=&xsec_source=pc_search,待确认
H007,探测词：总经理终面一般会问什么,,礼貌借楼！楼主发财！ 🎈乌鲁木齐想做短视频的姐妹快看！这家公司真的不内卷 同事相处都很舒服，不用天天内耗加班 出境主播和幕后人员全都在招人，零基础也能带，待遇很实在（化妆师 主持 经纪人 主播） 想找稳定工作的可以私信问问～,,,,采集,https://www.xiaohongshu.com/explore/6a5e2dc40000000014004207?xsec_token=ABoihdyoCA0DQjoIvzznrui1OaVBQc-r02jBNHIGckk-0=&xsec_source=pc_search,待确认
H008,探测词：晋升答辩 数据来源被追问 怎么答,,我们七月要述职了这个思路真的很棒，我差点又要罗列我的工作了,,,,采集,https://www.xiaohongshu.com/explore/68493b3e0000000022028147?xsec_token=ABYS5TJnLkgLgFe2n4gBO0Dbd8iyrG6Rkpq8wihKkh1fU=&xsec_source=pc_search,待确认
H009,探测词：晋升答辩 数据来源被追问 怎么答,,请问一下业务理解板块需要呈现的数据是自己已经做到的数据对于公司或者部门业务方向的帮助吗,,,,采集,https://www.xiaohongshu.com/explore/68493b3e0000000022028147?xsec_token=ABYS5TJnLkgLgFe2n4gBO0Dbd8iyrG6Rkpq8wihKkh1fU=&xsec_source=pc_search,待确认
H010,探测词：晋升答辩 数据来源被追问 怎么答,,二面的时候那群人跟流水线一样，30分钟一个，感觉还没交流就结束了他们要喊下一个了,,,,采集,https://www.xiaohongshu.com/explore/68078bfa000000001202c272?xsec_token=ABOVXCDXpN_HMXnM9aBu3R08Uwq7ugzX1gPRGHrhM67uI=&xsec_source=pc_search,待确认
H011,探测词：汇报被领导打断怎么接,,都顺着“领导”方便顺手就好。这没点时间，是不一定能顺明白的,,,,采集,https://www.xiaohongshu.com/explore/69e7067f0000000021039f48?xsec_token=ABnzAj24hjdG0uGpKfz6mbOQPU80DGjNR3qXVmsDv1wgo=&xsec_source=pc_search,待确认
H012,探测词：空降新老板前30天怎么站稳,,1.明确角色 很高兴加入这个团队，经常听领导夸奖咱们团队2.说明工作计划:我刚来不久还不太了解大家的情况，大家的工作一切照旧，接下来我会逐步约大家的时间，跟大家交流的3.设定你的基调，了解到我们团队在过去的工作上可能存在一些卡点，大家可能在一些事情上缺乏一些管理上的支持，有问题欢迎来一起探讨，我非常希望能够跟大家一起并肩作战，让我们这个团队绩效越来越好,,,,采集,https://www.xiaohongshu.com/explore/679c48680000000018019792?xsec_token=ABy1JbSsotTzdLZ1pLgNaX7kvWvK2lBEq6PEfx2oXrmIs=&xsec_source=pc_search,待确认
H013,探测词：第三轮hr面试一般会问什么,,我经理： 为什么要做这个工作？ 我：我想要个简单工作，没有兴趣升职或跳槽。第二天：我被录取了（其他几个都被拒了）,,,,采集,https://www.xiaohongshu.com/explore/695ed1f0000000002103f47a?xsec_token=ABFfV6A0As8ZPK4LAEpUvQGJVCeFoHVrSAFxOIlg7QLsY=&xsec_source=pc_search,待确认
H014,探测词：第三轮hr面试一般会问什么,,济南这里全是带有试岗期的公司，问了一个1000人的一个企业，有没有试岗期，人家居然回你有没有工作过？哪有公司没有试岗期的？,,,,采集,https://www.xiaohongshu.com/explore/69789188000000000d00a7a3?xsec_token=ABcxaMN_pdcA4UCoxHwpc0SMKiloCdQ-JjJkae59tTAtk=&xsec_source=pc_search,待确认
H015,探测词：第三轮hr面试一般会问什么,,年假是在一个公司满10年？还是累计工龄10年即可？,,,,采集,https://www.xiaohongshu.com/explore/69789188000000000d00a7a3?xsec_token=ABcxaMN_pdcA4UCoxHwpc0SMKiloCdQ-JjJkae59tTAtk=&xsec_source=pc_search,待确认
H016,探测词：第三面hr面试问什么,,我一般只问面试人他们真正能了解组内实际工作方面的问题： 1. 你们为什么招人/上一个离职的人是什么原因 2. 你们解决的最困难的问题是什么？怎么解决的 3. 组内的短期和长期计划,,,,采集,https://www.xiaohongshu.com/explore/68edccba000000000301d863?xsec_token=ABkFXDDqjZ4BCVOAHxHL0XU-9r5-DNJC9xMQZ3PLY1HVk=&xsec_source=pc_search,待确认
H017,探测词：第三面hr面试问什么,,我自己很喜欢问1 是个很好判断这人是不是我喜欢的领导的问题 我觉得一起工作总有价值观看不上看得上 与其委曲求全 不如大家都找自己看得上的人工作 反正天下单位有的是,,,,采集,https://www.xiaohongshu.com/explore/68edccba000000000301d863?xsec_token=ABkFXDDqjZ4BCVOAHxHL0XU-9r5-DNJC9xMQZ3PLY1HVk=&xsec_source=pc_search,待确认
H018,探测词：第三面hr面试问什么,,前两天看到一个视频号发了基本一模一样的内容，是不是被抄袭了呀？,,,,采集,https://www.xiaohongshu.com/explore/68edccba000000000301d863?xsec_token=ABkFXDDqjZ4BCVOAHxHL0XU-9r5-DNJC9xMQZ3PLY1HVk=&xsec_source=pc_search,待确认
H019,探测词：答辩PPT讲到一半被打断怎么办,,虽然但是，为什么选择这个课题，这答案真的是硬着头皮乱说话大学四年一直专注这个课题，很感兴趣sos要撒这么假的谎，i人表示太为难了一定要这么答吗,,,,采集,https://www.xiaohongshu.com/explore/66f17118000000002a0370f7?xsec_token=AB7lQ4fGatvgvI_C--14Q90_B-HdnGMVI6rrUcMhK23UA=&xsec_source=pc_search,待确认
H020,探测词：绩效面谈被打低分怎么开口,,换个合得来的领导或者公司就好了，给你打低绩效说白了就是领导觉得你影响不到他，有时就是整人。,,,,采集,https://www.xiaohongshu.com/explore/67d56938000000001d027b44?xsec_token=ABYqlpz_bMqXULdbcODJdv4or8Rs8YAXQM3jQ2fpS3nhQ=&xsec_source=pc_search,待确认
H021,探测词：绩效面谈被打低分怎么开口,,这个还是别背了吧，我听朋友说她公司的领导真的有故意给别人低绩效，哪有什么有的没的，不满意就开除or 直接说哪个地方改进，干了活还被打低绩效就是领导纯坏而已,,,,采集,https://www.xiaohongshu.com/explore/67d56938000000001d027b44?xsec_token=ABYqlpz_bMqXULdbcODJdv4or8Rs8YAXQM3jQ2fpS3nhQ=&xsec_source=pc_search,待确认
H022,探测词：绩效面谈被打低分怎么开口,,你问了问题 人家就会说吗？自己发现了问题真的想解决问题，就会真的顺利解决吗？我们不是上位者，所以，还是更好的享受当下不要被这些业绩 绩效别人几句话而影响到，也不要为了工作拼命那自己的健康换，应该好好活着，为今天的太阳开心，为路边的野花开心，只安安安静活在此刻，活自己，不受力的活下去。,,,,采集,https://www.xiaohongshu.com/explore/67d56938000000001d027b44?xsec_token=ABYqlpz_bMqXULdbcODJdv4or8Rs8YAXQM3jQ2fpS3nhQ=&xsec_source=pc_search,待确认
H023,探测词：绩效面谈被打低分怎么开口,,认同杨天真奋斗到今天的所有努力成果，但极其不喜欢杨天自媒体发布的内容。,,,,采集,https://www.xiaohongshu.com/explore/67d56938000000001d027b44?xsec_token=ABYqlpz_bMqXULdbcODJdv4or8Rs8YAXQM3jQ2fpS3nhQ=&xsec_source=pc_search,待确认
H024,探测词：绩效面谈被打低分怎么开口,,我拿过超级高的绩效也被打过低绩效。我找过高维的老板帮助分析，事实上也有很多时候是你的岗位价值就很低，天花板在这里。就像你在大厂做边缘业务线，老板OKR没有你的位置。那如果有个人背锅一定会是你,,,,采集,https://www.xiaohongshu.com/explore/67d56938000000001d027b44?xsec_token=ABYqlpz_bMqXULdbcODJdv4or8Rs8YAXQM3jQ2fpS3nhQ=&xsec_source=pc_search,待确认
H025,探测词：绩效面谈被打低分怎么开口,,2和3好像同时有 但感觉你无法叫醒一个装睡的人 ie老板没能力给团队涨资源 所以除了离职没其他解,,,,采集,https://www.xiaohongshu.com/explore/6978c4c0000000000b011e92?xsec_token=ABcxaMN_pdcA4UCoxHwpc0SI6fBT3_HGpm-0rCPfD4Egk=&xsec_source=pc_search,待确认
H026,探测词：绩效面谈被打低分怎么开口,,但我都不是啊，听别人说我人员关系不好！我觉得没啥问题啊，我只是不喜欢排队聊天，我只想做自己,,,,采集,https://www.xiaohongshu.com/explore/6978c4c0000000000b011e92?xsec_token=ABcxaMN_pdcA4UCoxHwpc0SI6fBT3_HGpm-0rCPfD4Egk=&xsec_source=pc_search,待确认
H027,探测词：绩效面谈被打低分怎么开口,,新领导与旧领导不合，之前新领导负责其他地区，现在统管了。我被打上旧领导的标签。新领导直接说之前我的ppcd打的太高了，以后要给其他人轮流来，干的再好也没用。,,,,采集,https://www.xiaohongshu.com/explore/6978c4c0000000000b011e92?xsec_token=ABcxaMN_pdcA4UCoxHwpc0SI6fBT3_HGpm-0rCPfD4Egk=&xsec_source=pc_search,待确认
H028,探测词：绩效面谈被打低分怎么开口,,24年兢兢业业那了c 沟通过25年好好干 25年中是 b然后到8月怀孕了25年年底又是c我感觉没啥希望改成b了,,,,采集,https://www.xiaohongshu.com/explore/6978c4c0000000000b011e92?xsec_token=ABcxaMN_pdcA4UCoxHwpc0SI6fBT3_HGpm-0rCPfD4Egk=&xsec_source=pc_search,待确认
H029,探测词：绩效面谈被打低分怎么开口,,领导骂你，你抛之脑后，等于领导白忙活了。谢邀,,,,采集,https://www.xiaohongshu.com/explore/69a81eba000000001a01f2da?xsec_token=ABvItXVLv3bzcv1iY8yZJ_JFaL8VsgvOR8V30bHL36BRM=&xsec_source=pc_search,待确认
H030,探测词：职场被孤立怎么办,,一个工作室除了老板俩口子有十个人左右，不管是日常吃饭还是团建我感觉我是被孤立的那一个，不过我很强大再加上一个人独来独往习惯了也不愿和不同频的人一起做什么，后来人越来越少，算起来跟我要好的女人说她们之所以孤立是因为我自带气场，再加上平时的穿着打扮有点时尚，她们都是偏休闲,,,,采集,https://www.xiaohongshu.com/explore/6a3538cc00000000060206f6?xsec_token=AB8ExxAlRaSUujw_MzX6z1__R3IlNoGUSxYTHpFR_jT78=&xsec_source=pc_search,待确认
H031,探测词：职场被孤立怎么办,,经历过～～～我走了……很后悔没有早点走。原来走了以后我才发现，外面世界是晴天。很好。,,,,采集,https://www.xiaohongshu.com/explore/6a3538cc00000000060206f6?xsec_token=AB8ExxAlRaSUujw_MzX6z1__R3IlNoGUSxYTHpFR_jT78=&xsec_source=pc_search,待确认
H032,探测词：职场被孤立怎么办,,我也不合群，办公室很少说话，因为感觉和他们说话很累，每天除了比就是比，倒不如自己安静干点自己的事,,,,采集,https://www.xiaohongshu.com/explore/6a3538cc00000000060206f6?xsec_token=AB8ExxAlRaSUujw_MzX6z1__R3IlNoGUSxYTHpFR_jT78=&xsec_source=pc_search,待确认
H033,探测词：职场被孤立怎么办,,我观察力很差 被孤立也不知道 都是人家跟我说因为我很还比较怕对我热情的人 不用孤立我 我自己先躲,,,,采集,https://www.xiaohongshu.com/explore/6a3538cc00000000060206f6?xsec_token=AB8ExxAlRaSUujw_MzX6z1__R3IlNoGUSxYTHpFR_jT78=&xsec_source=pc_search,待确认
H034,探测词：职场被孤立怎么办,,但人家总在领导面前捏造是非，久而久之领导就会信,,,,采集,https://www.xiaohongshu.com/explore/69970d20000000001a02fa94?xsec_token=ABfRCPq9rJHXALRI_kHTSIxD6XspNBDH0UE7IVZ49-ISo=&xsec_source=pc_search,待确认
H035,探测词：职场被孤立怎么办,,我请人下 咒 上个月做的 这个月对方就倒霉不断 出了意外,,,,采集,https://www.xiaohongshu.com/explore/69970d20000000001a02fa94?xsec_token=ABfRCPq9rJHXALRI_kHTSIxD6XspNBDH0UE7IVZ49-ISo=&xsec_source=pc_search,待确认
H036,探测词：职场被孤立怎么办,,做过诅咒惩罚，没想到效果这么神奇，才做完几天，对方就进去医院了，心里是真顺畅,,,,采集,https://www.xiaohongshu.com/explore/69970d20000000001a02fa94?xsec_token=ABfRCPq9rJHXALRI_kHTSIxD6XspNBDH0UE7IVZ49-ISo=&xsec_source=pc_search,待确认
H037,探测词：职场被孤立怎么办,,编了一堆乱七八糟的东西耍了小人几个月 之后再把真相爆出来哈哈哈挺好玩的,,,,采集,https://www.xiaohongshu.com/explore/69970d20000000001a02fa94?xsec_token=ABfRCPq9rJHXALRI_kHTSIxD6XspNBDH0UE7IVZ49-ISo=&xsec_source=pc_search,待确认
H038,探测词：职场被孤立怎么办,,我公公故意半夜制造噪音，把我吵醒，让他半夜动静轻点他不承认自己制造噪音，我昨天直接一个摄像头摆在他经常进出的位置，昨晚终于没有声音了，再看看今晚怎么样,,,,采集,https://www.xiaohongshu.com/explore/69970d20000000001a02fa94?xsec_token=ABfRCPq9rJHXALRI_kHTSIxD6XspNBDH0UE7IVZ49-ISo=&xsec_source=pc_search,待确认
H039,探测词：职场被孤立怎么办,,不理会她天天换着花样且乐此不疲，都一年多了,,,,采集,https://www.xiaohongshu.com/explore/69970d20000000001a02fa94?xsec_token=ABfRCPq9rJHXALRI_kHTSIxD6XspNBDH0UE7IVZ49-ISo=&xsec_source=pc_search,待确认
H040,探测词：职场被孤立怎么办,,前不久我也对这样一个人忍无可忍了，我说如果他再这样跟我交流，我就去找HR，那以后，他说他收回他的话，他再也不敢over the line了,,,,采集,https://www.xiaohongshu.com/explore/6994e270000000001b01fd08?xsec_token=ABqghDZxJMSO08T81NiIba-ixqGpmHj37fqtRy0NV6AJM=&xsec_source=pc_search,待确认
H041,探测词：职场被孤立怎么办,,"Or option D, upgrade & arm yourself to be the tough one that people cannot easily mess with. Make ""Karens "" SCARED.",,,,采集,https://www.xiaohongshu.com/explore/6994e270000000001b01fd08?xsec_token=ABqghDZxJMSO08T81NiIba-ixqGpmHj37fqtRy0NV6AJM=&xsec_source=pc_search,待确认
H042,探测词：职场被孤立怎么办,,其实挺对的 在香蕉厂的三次转组基本都是因为受不了同事现在回头看 还是自己年轻气盛了 但也都是人生经历,,,,采集,https://www.xiaohongshu.com/explore/6994e270000000001b01fd08?xsec_token=ABqghDZxJMSO08T81NiIba-ixqGpmHj37fqtRy0NV6AJM=&xsec_source=pc_search,待确认
H043,探测词：职场被轻视怎么办,,为啥他说完之后我怼了，但是他还继续说呀，求解决办法,,,,采集,https://www.xiaohongshu.com/explore/6869141a000000001d00e57f?xsec_token=AB_K1X1AUFFMc1akVvGz1CelrGRxgsKekM2eCvRFbZsvc=&xsec_source=pc_search,待确认
H044,探测词：职场被轻视怎么办,,就算和，上面老板通过气 也不能destroy 别人的ego；好狐狸不漏尾巴,,,,采集,https://www.xiaohongshu.com/explore/683ebf2c0000000012006d4e?xsec_token=ABSRqgpmQ5U7qoFbJ15qbxZL3N_WbKil8nJu4xOe4yAWw=&xsec_source=pc_search,待确认
H045,探测词：职场被轻视怎么办,,我的混的好不内耗的白男同事全是典型ENTP…用一种及其理性且情绪平稳的方式摸鱼。,,,,采集,https://www.xiaohongshu.com/explore/683ebf2c0000000012006d4e?xsec_token=ABSRqgpmQ5U7qoFbJ15qbxZL3N_WbKil8nJu4xOe4yAWw=&xsec_source=pc_search,待确认
H046,探测词：职场被轻视怎么办,,"""I'm a magical hoe"" professional af",,,,采集,https://www.xiaohongshu.com/explore/6a39d4cb000000001702a944?xsec_token=ABGJQoG_J1qfnB5P7lHxLqcEDZIcQQMz3JinxOqZPXroE=&xsec_source=pc_search,待确认
H047,探测词：职场被轻视怎么办,,思路很对 哈哈 公司觉得需要五年工作经验才能get的能力，如果3年就达到了，这不是反而证明自身的优秀吗,,,,采集,https://www.xiaohongshu.com/explore/6a39d4cb000000001702a944?xsec_token=ABGJQoG_J1qfnB5P7lHxLqcEDZIcQQMz3JinxOqZPXroE=&xsec_source=pc_search,待确认
H048,探测词：职场被轻视怎么办,,。。。很多时候其实是被HR抓来凑KPI的,,,,采集,https://www.xiaohongshu.com/explore/6a39d4cb000000001702a944?xsec_token=ABGJQoG_J1qfnB5P7lHxLqcEDZIcQQMz3JinxOqZPXroE=&xsec_source=pc_search,待确认
H049,探测词：被裁员面谈时该说什么,,能请你们出一个视频，讲讲如果对方HR询问你期待薪酬，在面试不同阶段，该不该回答？该怎么回答？,,,,采集,https://www.xiaohongshu.com/explore/69c1dcb8000000001a0220e4?xsec_token=ABY7PvnNqXvubEIgzwReBlmuUrxcbOs-sHAtko5rJPb7U=&xsec_source=pc_search,待确认
H050,探测词：说完方案领导没反应怎么办,,事情闹大了，领导把我又甩出去了，然后她找大领导告黑状，大领导都知道但是不听你的，怎么办？有权利的甩锅,,,,采集,https://www.xiaohongshu.com/explore/69c27440000000002301c9ad?xsec_token=ABWzMQbcE_dAp5ClGqDSWu5yH2uEuFsjgr8ELgNJBuc8c=&xsec_source=pc_search,待确认
H051,探测词：说完方案领导没反应怎么办,,然后领导会觉得你有问题并且把你辞了（并不是说因此要为领导承担，只是还想看到更好的办法）,,,,采集,https://www.xiaohongshu.com/explore/69c27440000000002301c9ad?xsec_token=ABWzMQbcE_dAp5ClGqDSWu5yH2uEuFsjgr8ELgNJBuc8c=&xsec_source=pc_search,待确认
H052,探测词：说完方案领导没反应怎么办,,领导安排我做搞不定的事，我会去按部就班做，最后告诉领导搞不定。其实领导也知道这事搞不定，但我不去执行，就是我的问题了。,,,,采集,https://www.xiaohongshu.com/explore/69c27440000000002301c9ad?xsec_token=ABWzMQbcE_dAp5ClGqDSWu5yH2uEuFsjgr8ELgNJBuc8c=&xsec_source=pc_search,待确认
H053,探测词：说完方案领导没反应怎么办,,下级也装死最后也还是被骂没有责任心，还说我把任务交给你了你不要老来问我，我要的是成品,,,,采集,https://www.xiaohongshu.com/explore/69c27440000000002301c9ad?xsec_token=ABWzMQbcE_dAp5ClGqDSWu5yH2uEuFsjgr8ELgNJBuc8c=&xsec_source=pc_search,待确认
H054,探测词：说完方案领导没反应怎么办,,然后领导一直骂你或者直接辞退你或者让你坐冷板凳逼迫你自己离职,,,,采集,https://www.xiaohongshu.com/explore/69c27440000000002301c9ad?xsec_token=ABWzMQbcE_dAp5ClGqDSWu5yH2uEuFsjgr8ELgNJBuc8c=&xsec_source=pc_search,待确认
H055,探测词：说完方案领导没反应怎么办,,1.倾听:全力以赴的听，专注、鼓励、托举· 2.读取:情绪、事实、期待· 3.回应:肯定反射，是个思路· 4.共识:向下兼容、向上突破,,,,采集,https://www.xiaohongshu.com/explore/692c0f04000000001e016263?xsec_token=ABV8qFbDkREftH6LGwDrziFch9P8d464t07XBRavstjvo=&xsec_source=pc_search,待确认
H056,探测词：说完方案领导没反应怎么办,,1、所有沟通都指向行动 2、倾听要全身心，让对方感受到被看见被重视，先梳理关系再沟通事情 3、响应情绪、确认事实、回应期待 4、我们和目标 5、提供选择、降低门槛 6、换时间、换场合、换口径、换角色 7、自我介绍：我是谁、相互联系、价值贡献,,,,采集,https://www.xiaohongshu.com/explore/692c0f04000000001e016263?xsec_token=ABV8qFbDkREftH6LGwDrziFch9P8d464t07XBRavstjvo=&xsec_source=pc_search,待确认
H057,探测词：说完方案领导没反应怎么办,,是这样的，我以前有一个年轻的同事，你跟她聊天的时候，她总会说“是的呢”，大家跟他聊天就特别有认同感,,,,采集,https://www.xiaohongshu.com/explore/692c0f04000000001e016263?xsec_token=ABV8qFbDkREftH6LGwDrziFch9P8d464t07XBRavstjvo=&xsec_source=pc_search,待确认
H058,探测词：领导不回消息该不该追问,,她不回信息 就是代表短时间内 你没有利用价值~等到哪天她想用到你了 就会主动给你发信息了,,,,采集,https://www.xiaohongshu.com/explore/680f4df3000000002301ef20?xsec_token=ABpWAQdsCRv3-CvI44eUwtyzMChIDx5vDVuKG5EFYLGNc=&xsec_source=pc_search,待确认
H059,探测词：领导不回消息该不该追问,,我不管他们什么原因，反正48小时不回我消息的，没资格存在我的世界。我说你不尊重我，就是不尊重。我有的标准。,,,,采集,https://www.xiaohongshu.com/explore/680f4df3000000002301ef20?xsec_token=ABpWAQdsCRv3-CvI44eUwtyzMChIDx5vDVuKG5EFYLGNc=&xsec_source=pc_search,待确认
H060,探测词：领导不回消息该不该追问,,领导不回就不该做，他嫌烦是他的事，说不清就不推进呗，看谁急,,,,采集,https://www.xiaohongshu.com/explore/69a6deb3000000001a02689c?xsec_token=ABCpguclt_Dz_w21uDLe6NS9EX9sF8wRrpkv3bwbnXGXk=&xsec_source=pc_search,待确认
H061,探测词：领导不回消息该不该追问,,顶撞领导现在都是大罪了吗，跟袭警一样了是吧。,,,,采集,https://www.xiaohongshu.com/explore/69a6deb3000000001a02689c?xsec_token=ABCpguclt_Dz_w21uDLe6NS9EX9sF8wRrpkv3bwbnXGXk=&xsec_source=pc_search,待确认
H062,探测词：领导不回消息该不该追问,,执行层搞什么七七八八的人情世故。问领导执行哪个？确定后开始推进，凡是打迷糊的都强行确认完在推进。要不然明确告知没确定下来所以不进行执行就好了,,,,采集,https://www.xiaohongshu.com/explore/69a6deb3000000001a02689c?xsec_token=ABCpguclt_Dz_w21uDLe6NS9EX9sF8wRrpkv3bwbnXGXk=&xsec_source=pc_search,待确认
H063,探测词：领导不回消息该不该追问,,我还以为这些都是基本常识，在任何场景下都不应该试图行使自己没有的权力。我有点好奇的是对于老板来说为什么要花大钱请一个不愿意做决策的所谓领导，就当个肉喇叭吗,,,,采集,https://www.xiaohongshu.com/explore/69a6deb3000000001a02689c?xsec_token=ABCpguclt_Dz_w21uDLe6NS9EX9sF8wRrpkv3bwbnXGXk=&xsec_source=pc_search,待确认
H064,探测词：领导不回消息该不该追问,,不明确就不推进嘛问责下来也是领导他先被叼,,,,采集,https://www.xiaohongshu.com/explore/69a6deb3000000001a02689c?xsec_token=ABCpguclt_Dz_w21uDLe6NS9EX9sF8wRrpkv3bwbnXGXk=&xsec_source=pc_search,待确认
H065,探测词：领导不回消息该不该追问,,@虾仁不加盐 我每天经历的 每天做阅读理解题,,,,采集,https://www.xiaohongshu.com/explore/69a6deb3000000001a02689c?xsec_token=ABCpguclt_Dz_w21uDLe6NS9EX9sF8wRrpkv3bwbnXGXk=&xsec_source=pc_search,待确认
H066,"编造/包装工作经历时与真实社保记录对不上,担心被HR查出破绽",,那如果上一份工作是服务业，交了三个月的社保怎么圆啊,,,,采集,https://www.xiaohongshu.com/explore/69b6805b0000000021005dfe,待确认
H067,不想刻意讨好领导又怕被认为不合群/不会来事,,随心一点吧，就那几个钱，上班已经够累了，装出来的终究不长久，领导也不傻，做自己就好,,,,采集,https://www.xiaohongshu.com/search_result/6a700def0000000033019fff?xsec_token=ABnCC_PiY2A3rz63JL1aQa6NL4AEZ9gvfYsBBJsKoO5oM=&xsec_source=,待确认
H068,强制实习生纠结低工资是否反而增加录用机会,,还有我是强制实习，根据他们公司规定，强制实习比自愿实习工资低很多，这样我是不是有希望拿下这个机会啊,,,,采集,https://www.xiaohongshu.com/search_result/6a5ed006000000000a03a609?xsec_token=ABoihdyoCA0DQjoIvzznruix1KofY_SLV0907kCN3ehpI=&xsec_source=,待确认
H069,面试冗长两小时但薪资谈不拢，身心俱疲又不甘心结束,,今年的面试80%都是这种啊，面试俩小时，我想结束都很难，这些都谈到了，但是可能给不到薪资，平薪也给不到，但是我的薪资明明在市场上就是很入门的经理级别薪资啊,,,,采集,https://www.xiaohongshu.com/search_result/6a5ed006000000000a03a609?xsec_token=ABoihdyoCA0DQjoIvzznruix1KofY_SLV0907kCN3ehpI=&xsec_source=,待确认
H070,薪资已谈妥走流程却被对方领导临时驳回，归因是嫌薪资高,,我薪资都谈好了走流程了被他们领导驳回了，嫌给我的工资高，人家觉得不如低薪多招几个人,,,,采集,https://www.xiaohongshu.com/search_result/66bad1a30000000025030fba?xsec_token=ABJvlLXNWJN7IOZhqs5IfwjAZU9LIDzFTMrID0vAKMOWM=&xsec_source=pc_search,待确认
H071,主动问了面试结果，对方说人事会通知，不确定这算不算已经被拒,,那我问了面试结果，他说人事会通知我的。这种呢🥲,,,,采集,https://www.xiaohongshu.com/explore/6993b5360000000009039469?xsec_token=ABuHx3cTLpzVPo7zC50kIU1FfpxtCeh0m2HQLXZHXTT0w=&xsec_source=pc_search,待确认
H072,长时间面试后只得到综合评估的套话回复，承诺的结果时间已过仍无消息,,我聊了4-5个小时 后面来一句综合评估回复你，主动跟我说给结果的时间，现在都快过去感觉凉了,,,,采集,https://www.xiaohongshu.com/explore/6993b5360000000009039469?xsec_token=ABuHx3cTLpzVPo7zC50kIU1FfpxtCeh0m2HQLXZHXTT0w=&xsec_source=pc_search,待确认
H073,"HR用薪制口径差异(14薪vs16-18薪)包装成""持平""实际变相压低月基本工资，候选人识破后表达不满",,我见过最恶心的谈薪是，我当时是14薪，hr说我，好的我这边觉得你期望应该是最少持平，那我们是16到18薪所以月base会降，被我骂回去了,,,,采集,https://www.xiaohongshu.com/explore/6a71b84f000000002800be3f?xsec_token=ABJ67AJwpaEbbSDyndwOBnXirXZapApSOzDFyRRjlf5ng=&xsec_source=pc_search,待确认
H074,不确定谈薪时直接坦率报价(打直球)这种简化方式是否可行有效,,其实打直球也可以的，我就一点技巧没有直接聊：我现在年包xx万，预期xx万，公司能给到吗？如果在他们预算范围内的话就麻烦继续推进,,,,采集,https://www.xiaohongshu.com/explore/6a71b84f000000002800be3f?xsec_token=ABJ67AJwpaEbbSDyndwOBnXirXZapApSOzDFyRRjlf5ng=&xsec_source=pc_search,待确认
H075,面试氛围融洽、自我感觉良好却被默拒，求而不得且不知道具体败因，反复受挫后自我怀疑,,我最近面试了好多，一直在推销自己...结果呢...也是默拒...甚至有个工作和三位面试官聊的依依不舍，整个氛围磁场都好好！结果呢...说真的，你们选人能告知失败的原因吗？,,,,采集,https://www.xiaohongshu.com/explore/686e3aec000000002203178b?xsec_token=ABy33jbnrbPALlf0ypFk9SUX7Ow_aq3y7Ab_G_db4LRXA=&xsec_source=pc_feed,待确认
H076,面试登记表被强制要求填写身份证号用于查征信，最终愤而离场,,今天遇到一个要填身份证号的，我问他不填可以吗，他说不行，公司要查你的征信，我当时把表拿过来直接撕了，然后转身就走,,,,采集,https://www.xiaohongshu.com/search_result/67c1b93e0000000009039ace?xsec_token=AB9bpz6ye-BlkqyjIkh3hJNtDwukV9cmgypI5uGGpux-E=&xsec_source=,待确认
H077,"等待面试结果期间的焦虑感被具象类比为等高考成绩,情绪煎熬无处安放",,OK刚面完 回去等通知 我的天 感觉和出高考成绩一样……,,,,采集,https://www.xiaohongshu.com/explore/6a5711ea0000000017028fe9?xsec_token=AB0Jap9cngF1TJIj_gyas9rgROXvgcpPaQHRB6clPv5PM=&xsec_source=pc_search,待确认
H078,对当前跳槽涨薪预期与市场行情落差的焦虑与自嘲,,现在这行情，跳槽要20%的涨薪？？直接gap到退休了,,,,采集,https://www.xiaohongshu.com/explore/69d61733000000002200e98e,待确认
H079,平时告诉自己不紧张，但一到自我介绍环节就语无伦次的困惑,,今天面试紧张到话都说不清楚了，我搞不懂自己，面试前想着无所谓也不是啥好岗位也没有紧张，可是不知道为啥一到面试自我介绍我就磕磕绊绊的,,,,采集,https://www.xiaohongshu.com/explore/6601988e0000000013025a78,待确认
H080,长时间被聊愿景型面试后，无法判断是否有戏的忐忑,,面试了两个多小时，总经理一直跟我聊公司发展愿景，我主打一个真诚，实话实说，也不知道结果咋样,,,,采集,https://www.xiaohongshu.com/explore/6601988e0000000013025a78,待确认
H081,涨薪诉求接近或低于package总额上限时如何判断合理区间的谈判顾虑,,很多时候比如说告诉你这个岗位的total package是60。然后你实际在前司呆了5年公司内部涨幅不高导致你的薪资可能偏低于市场价这个时候你要求25%的涨幅一年能有55也没有超过他们的,,,,采集,https://www.xiaohongshu.com/explore/6a71b84f000000002800be3f,待确认
H082,"初面被告知已通过,但后续要等更高层领导出差回来才能定夺,漫长等待中开始怀疑是否已经没戏",,别内耗，有个说初面通过了，副总出差半个月才回来，哈哈我就知道没戏了。,,,,采集,https://www.xiaohongshu.com/explore/6a4236e60000000022016319?xsec_token=ABZdg4jLfG95cv9GFWKhUycNvt2D778JZ_WsoS73hoDtg=&xsec_source=pc_search,待确认
H083,"犹豫离职原因能否直说是因为发现团队离职率过高,担心这个理由在HR听来是否合适/会不会显得在说前公司坏话",,能说入职后发现部门所在的人全都离职，感觉部门流动性太大不利于长期发展吗,,,,采集,https://www.xiaohongshu.com/explore/69f32aca000000003603320c?xsec_token=ABvjXng2EjCiS1emry2jzk84b7yYlxSdDFhzFUigqK7D0=&xsec_source=pc_search,待确认
H084,投的岗位 JD 已写明薪资区间，照搬「先反问 HR 预算、不先报数」的话术被 HR 读成没看岗位要求、海投，反而丢掉机会,,招聘岗位上如果有标明待遇区间，岗位要求职责和福利，这样的回答只会让HR感觉，投递简历之前并没有详细了解岗位要求，有海投的嫌疑，如果待遇区间离自己期望待遇差异太大，为什么又要投递呢？说明你有接受的准备。楼主的视频只适合哪些标注为面谈的岗位，这种套路的视频未必会给应聘者带来好处，只能是建议而已，求职者还是需要有自我认知，不然可能会失去一个工作机会,,,,采集,https://www.xiaohongshu.com/explore/65b74425000000002c036426?xsec_token=ABkH44Xactgq95qnJ9hzEsuNKy9hALfaQOoEv2zRFcLDU=&xsec_source=pc_search,待确认
H085,用人方一侧的反馈：候选人开场即问底薪、只盯无责任底薪，会被判定为不愿承担价值创造，直接影响给不给到高位区间,,实话，我们单位一个月可以稳定给到1万多，但是，非常不喜欢一上来就问薪资的，尤其是无责任底薪的。理解底薪是为了给自己一份保障，但是也不希望只盯着那些底薪。毕竟月薪1万以上的工作，多少需要灵活变通，创造比基础岗位更大的价值。,,,,采集,https://www.xiaohongshu.com/explore/65b74425000000002c036426?xsec_token=ABkH44Xactgq95qnJ9hzEsuNKy9hALfaQOoEv2zRFcLDU=&xsec_source=pc_search,待确认
H086,岗位招不到人、竞争者极少时，跳过所有话术直接开价反而成立——但前排没人讲怎么先判断自己处在这种供需位置,,23年毕业，一个央企直接联系我们老师急招我们专业的人，但是这个公司跟我们的专业不符，有意向的同学不多，最后只有我面试了，我直接说我大学兼职，每个月都8k，我到你们公司专职我要每个月到手1w,,,,采集,https://www.xiaohongshu.com/explore/65b74425000000002c036426?xsec_token=ABkH44Xactgq95qnJ9hzEsuNKy9hALfaQOoEv2zRFcLDU=&xsec_source=pc_search,待确认
H087,按标准答案回答职业规划，被面试官用公司实际情况当场顶回来，不知道怎么接下一句,,喝喝 上次被问职业规划 说过了x年要往更高层发展 他说他们公司结构很扁平没有发展的空间,,,,采集,https://www.xiaohongshu.com/explore/6905e8d6000000000503832e?xsec_token=AB84sasz062iliiZsocpecpEZE2Ue6W4jJ0Fof1Jd6bAY=&xsec_source=pc_search,待确认
H088,跨行降薪求职被追问动机，说了实话反被判定为临时过渡而刷掉,,前两天去小象面试分拣，她问我之前做行政的为什么突然要做分拣，我说没吃过苦。结果以我年前过渡为由不给通过面试,,,,采集,https://www.xiaohongshu.com/explore/6905e8d6000000000503832e?xsec_token=AB84sasz062iliiZsocpecpEZE2Ue6W4jJ0Fof1Jd6bAY=&xsec_source=pc_search,待确认
H089,分不清最后一问是给机会还是在下逐客令，不知道该追问还是收场,,觉得还有什么想问的这句话，有时候可能是面试官想结束面试了,,,,采集,https://www.xiaohongshu.com/explore/6a5e2dc40000000014004207?xsec_token=ABoihdyoCA0DQjoIvzznrui8M68qVbLMZJ2_92zEa_sGY=&xsec_source=pc_search,待确认
H090,工厂类岗位面试被连珠炮式追问私人与条件类问题，一整串问题没有一个有现成答法,,问我有没有结婚，会不会创业，为什么进这个公司，产量达不到咋办，接不接受穿无尘服，以前底薪多少，加班几小时，加班以后工资多少，学习抗压能力强不强,,,,采集,https://www.xiaohongshu.com/explore/6905e8d6000000000503832e?xsec_token=AB84sasz062iliiZsocpecpEZE2Ue6W4jJ0Fof1Jd6bAY=&xsec_source=pc_search,待确认
H091,已发过一次follow up邮件、HR承诺一周内反馈但逾期未回，不知道第二次该不该再问、怎么问,,上个月面试了一家外企，面试官(中国人)说反馈可能1个月起步，因为他的老板(澳洲人)休假了，不知道休多久。面试没有表现一般，事后三天发了主题为interview follow up 的邮件，hr问我要了英文简历，最后回复说预计一周后反馈，但一周已过去，并没有收到。我想争取一下，也想知道最后结果，博主有什么建议吗？,,,,采集,https://www.xiaohongshu.com/explore/6673ddc5000000001d01497d?xsec_token=ABcVDdlbEe3cMxK4jJsxOss-3UoTWmIiakZBMOuNTIduY=&xsec_source=pc_search,待确认
H092,面试有明显短板、HR只给了「下周给消息」这类模糊承诺，在等待期靠猜测判断自己是否已被淘汰,,小哥哥..我在面试过程中专业术语表现的不是很好..但是工作流程细节说的很好..HR也说在下周会给我消息..是不是会凉了,,,,采集,https://www.xiaohongshu.com/explore/6673ddc5000000001d01497d?xsec_token=ABcVDdlbEe3cMxK4jJsxOss-3UoTWmIiakZBMOuNTIduY=&xsec_source=pc_search,待确认
H093,被HR已读不回/静默淘汰后，只剩情绪但不知道还能不能要一个明确答复,,面试后通过还是不通过都给个回复不应该是HR最基本的礼貌吗？,,,,采集,https://www.xiaohongshu.com/explore/665740c700000000160100db?xsec_token=ABNMOJN3sZoZUYlh_7ws57eAbKdVt7KYu024FW0TGe4s8=&xsec_source=pc_search,待确认
H094,照模板问了，对方给出一段等于没说的官方回答，不知道这是委婉拒绝还是流程话术,,我问了我的面试官，她说通过面试对我的了解并不够，具体要看我入职后的情况，她现在并不能给我任何建议,,,,采集,https://www.xiaohongshu.com/explore/69bc0932000000001a0204e6?xsec_token=ABGc6s9hoZ_Jl_3-7aUB_fymq1th915Q_plbabkMhFJfU=&xsec_source=pc_search,待确认
H095,面试量极大的老手实测：话术只在本来就要过的场次里起作用，对已经聊崩的场次无效,,真的有反问环节力挽狂澜的么？我面试近100场感觉前边说的不好，到反问人家基本是走流程的提问了（态度能感觉出来）。反问认真和我探讨的，是我前边也聊的不错的。,,,,采集,https://www.xiaohongshu.com/explore/69bc0932000000001a0204e6?xsec_token=ABGc6s9hoZ_Jl_3-7aUB_fymq1th915Q_plbabkMhFJfU=&xsec_source=pc_search,待确认
H096,面基层岗位却被问远超岗位层级的大问题，禁语清单完全帮不上忙,,前几天面试有一个问题让我印象极其深刻，我面试设计助理，结果被问“你怎么理解商业”，我？？？？这怎么回答啊啊啊,,,,采集,https://www.xiaohongshu.com/explore/66ee7c42000000002700576d?xsec_token=ABTXLwdpZTRks1ThBWcOwy0DUIRjrrwiiUP-QQP2qqlts=&xsec_source=pc_search,待确认
H097,中文面试里没法用「请再解释一下」争取思考时间，前排技巧在母语场景失效,,我感觉英语面试更适用我有时候也会问面试官能不能解释一下某个单词或短语是什么意思，但是中文里面就没办法，毕竟是母语,,,,采集,https://www.xiaohongshu.com/explore/66ee7c42000000002700576d?xsec_token=ABTXLwdpZTRks1ThBWcOwy0DUIRjrrwiiUP-QQP2qqlts=&xsec_source=pc_search,待确认
H098,面试中被问到无法接受的硬性条件，如实回答就被淘汰，肢体语言帮不上忙,,我面试美的，他问我愿不愿意到非洲去基建，我说不愿意，后来也是没过,,,,采集,https://www.xiaohongshu.com/explore/6601988e0000000013025a78?xsec_token=ABgPNmgHz7UoWWiQ0GfxedfyL6ktomLN8PANAFN3ozGgk=&xsec_source=pc_search,待确认
H099,按模板问出反问后，面试官把同一个问题原样抛回来，候选人当场没有准备好的回答,,然后面试官立马反问你，你看过岗位JD了，你觉得核心是什么呢？你觉得这个岗位要做到让领导认可的优秀特质是哪些呢？我问出一些问题的时候，面试官立刻反问我,,,,采集,https://www.xiaohongshu.com/explore/6a32967b0000000007027216?xsec_token=ABWceEXMDSPnNzKm9DzMPEjyzMhG_1_WyStafIeL7Lxdg=&xsec_source=pc_search,待确认
H100,面试官侧反馈：网传模板问题已被大量候选人重复使用，失去区分度,,妈啊 作为面试官天天听这样的反问都要听腻了,,,,采集,https://www.xiaohongshu.com/explore/6a32967b0000000007027216?xsec_token=ABWceEXMDSPnNzKm9DzMPEjyzMhG_1_WyStafIeL7Lxdg=&xsec_source=pc_search,待确认
H101,HR 主动给到公司上限涨幅后，候选人想再要更多却找不到开口的理由,,妈耶，谁懂对方主动拉满15％之后，我就不知道怎么争取了，但我其实还是期望更高一些，，也没有很好的理由了,,,,采集,https://www.xiaohongshu.com/explore/6a71b84f000000002800be3f?xsec_token=ABJ67AJwpaEbbSDyndwOBnXuxBhHix-IY85Z9NWRYFkM0=&xsec_source=pc_search,待确认
H102,家庭成员栏只填一人，反被初面和复面两轮追问家庭结构，留白本身成了被审问的入口,,之前有个面试问我父母那栏为什么只写一个人的信息，是单亲家庭吗？搞笑的是初面人事问这个问题，复面老总也问这个问题,,,,采集,https://www.xiaohongshu.com/explore/684bbbb30000000023017095?xsec_token=ABuKQhfAua_9UAJyy_GpmCHOpZieoIkqkd5zxBNsQTKZw=&xsec_source=pc_search,待确认
H103,反复遇到面试前先填详表的流程，填完就没有下文，怀疑填表与结果相关,,我每次面试前天填这个表的，十次填十次都面不过,,,,采集,https://www.xiaohongshu.com/explore/684bbbb30000000023017095?xsec_token=ABuKQhfAua_9UAJyy_GpmCHOpZieoIkqkd5zxBNsQTKZw=&xsec_source=pc_search,待确认
H104,照抄高赞笔记的答案在三面线下用过，结果被放进人才池长期悬置，跨过秋招到春招,,第一个答案，我上次面试就这么说的，而且已经是三面线下了，而且措辞还更好点，结果给我搁池子里，从去年秋招泡到现在春招了,,,,采集,https://www.xiaohongshu.com/explore/67cd8efd000000000603cf83?xsec_token=ABN7GisP2IJs0EgUXiy6rrlrU5gW8sMSurll_i_aSW4ko=&xsec_source=pc_search,待确认
H105,答过「我没缺点」被当场刷掉后才反推出这题的真实考察点,,面试官问缺点根本不是想听你真的缺点，是想看你的情商和反思能力。之前因为说“我没缺点”直接被刷，太亏了,,,,采集,https://www.xiaohongshu.com/explore/699e42870000000015039da9?xsec_token=ABxfTz5Lfe-7hKLXXQnBcyvQPy7li1f_J6oucjcqbdEUw=&xsec_source=pc_search,待确认
H106,跨部门或更高级别领导打探自己工资，不敢用对付平级同事的反问话术,,同事我倒是可以这样 其他部门或者更高级别的领导问我工资怎么办啊。。。,,,,采集,https://www.xiaohongshu.com/explore/6a2390340000000007024dd3?xsec_token=AB76IfDxIdEPICpwQlmfp5ETGg5l127jui42K3m9liRR4=&xsec_source=pc_search,待确认
H107,被别的部门领导当面质疑靠关系进公司，对方级别高于自己不能硬顶,,我也被问：听说你是靠关系进来的。但是不是同事，是另一个部门领导，我怎么回啊。难道我也回：怎么了和你有什么关系,,,,采集,https://www.xiaohongshu.com/explore/6a2390340000000007024dd3?xsec_token=AB76IfDxIdEPICpwQlmfp5ETGg5l127jui42K3m9liRR4=&xsec_source=pc_search,待确认
H108,邻居先自曝存款数额再反问自己，职场话术搬到熟人场景不适用,,邻居问我有多少存款，她说她有二十万，问我有多少。我该怎么回答？,,,,采集,https://www.xiaohongshu.com/explore/6a2390340000000007024dd3?xsec_token=AB76IfDxIdEPICpwQlmfp5ETGg5l127jui42K3m9liRR4=&xsec_source=pc_search,待确认
H109,跨行转岗者被问岗位专业情景题，当场答不出要点，事后也不知道该怎么答,,软件销售面试被问对方不打算买你的软件怎么办，我这种门外汉直接大脑宕机，完全答不出要点（月薪3000,,,,采集,https://www.xiaohongshu.com/explore/6a2290d3000000003502aad3?xsec_token=AB2-zK3TMjQ9weQqJFH3vJ870hJIl0ch7zEJ5rwzdU-NI=&xsec_source=pc_search,待确认
H110,已经面完才对照清单发现自己踩了雷，面后补救这一段前排完全没有内容,,我上周刚面试完，已经触犯第二条和第四条了,,,,采集,https://www.xiaohongshu.com/explore/6a2290d3000000003502aad3?xsec_token=AB2-zK3TMjQ9weQqJFH3vJ870hJIl0ch7zEJ5rwzdU-NI=&xsec_source=pc_search,待确认
H111,实际经历与前排判定标准相反——问题答不出照样被录用，说明这套信号清单存在明显失效边界,,我感觉我的面试表现很差，之前也没什么工作经验，但我们老板聊了一会就让我入职了，甚至一些问题回答不出，他还会帮我找理由，公司在该领域也算是大公司,,,,采集,https://www.xiaohongshu.com/explore/6a2290d3000000003502aad3?xsec_token=AB2-zK3TMjQ9weQqJFH3vJ870hJIl0ch7zEJ5rwzdU-NI=&xsec_source=pc_search,待确认
H112,遇到不懂本岗位业务的面试官，评判实际落在会不会吹和性格外不外向上，候选人不知道这种局面怎么打,,面试官真的能看透的话，咋不去做心理医生……不是同工种出来的其实就是看对方能不能吹，性格外不外向,,,,采集,https://www.xiaohongshu.com/explore/6a2290d3000000003502aad3?xsec_token=AB2-zK3TMjQ9weQqJFH3vJ870hJIl0ch7zEJ5rwzdU-NI=&xsec_source=pc_search,待确认
H113,低薪岗位提出高标准筛选要求，求职者质疑要不要为这种岗位做准备,,请问这样的要求工资能给到多少呢？是月薪20k还是30k？如果这样的要求月薪只有10k以下的话，还挑这个那个问题，那让大家来评评理,,,,采集,https://www.xiaohongshu.com/explore/69663f79000000000b01308a?xsec_token=AB56QnQbA7zpVe-W616xJeb0Buv7tcdOqcpFSucGtPWWs=&xsec_source=pc_search,待确认
H114,中小公司只有一面、进门几分钟就已定调，候选人没有第二轮修正机会,,我们就一面，门口走进来坐下，大概能看出咋样[捂嘴笑R]。聊下天也就八九不离十合不合适。。。我一般聊完直接告诉结果，大家不浪费时间[坏笑R],,,,采集,https://www.xiaohongshu.com/explore/6a2290d3000000003502aad3?xsec_token=AB2-zK3TMjQ9weQqJFH3vJ870hJIl0ch7zEJ5rwzdU-NI=&xsec_source=pc_search,待确认
H115,应届/社招求职者担心空窗期+异地工作经历如何在面试中合理化解释,,今年秋招问我为什么空窗，我说我去年在这个工作是异地地方，想回家发展，这样有理有据也会让HR知道你想留在报考比较稳定,,,,采集,https://www.xiaohongshu.com/explore/6a7b32f200000000330130a0,待确认
H116,担心HR追问社保缴纳记录与户籍/异地经历不符被拆穿,,请问面试官如果接着问你异地岗为什么没交社保的话怎么办,,,,采集,https://www.xiaohongshu.com/explore/6a7b32f200000000330130a0,待确认
H117,助理岗按标准思路准备年终述职，但直属领导只认同自己的方案，下属的判断和建议进不去,,我做年终汇报，也是这个思路，但是作为助理，我的领导不听我的建议，他只认同自己的思路。。。所以。我无能为力,,,,采集,https://www.xiaohongshu.com/explore/6959beec000000002103c238?xsec_token=AB-j_be7PnV7WetEb_mnqt2Ls0UhKD1VBUqwus2SRMpcA=&xsec_source=pc_search,待确认
H118,职能部门负责人年终述职没有业务数字可讲，提前瞻建议又不被采纳,,好有道理。不过负责职能部门的 真的发愁不知道写什么， 感觉前瞻性建议也不受重视,,,,采集,https://www.xiaohongshu.com/explore/6959beec000000002103c238?xsec_token=AB-j_be7PnV7WetEb_mnqt2Ls0UhKD1VBUqwus2SRMpcA=&xsec_source=pc_search,待确认
H119,领导只接受好消息，下属要汇报真实问题时不知道怎么开口,,如果领导只喜欢听好话，这种反映问题和要害的报告，是不是就不行了,,,,采集,https://www.xiaohongshu.com/explore/6752b2d8000000000202fba0?xsec_token=AB0Wnc9UNb9YhuSUBhrKEEDEaF8LWrA8WeLpDYOff32XY=&xsec_source=pc_search,待确认
H120,照搬通用汇报模板在自己领导身上不成立，需要先判断领导类型再决定讲什么,,千万不要照搬，不是每位领导都喜欢听“问题”，因为他们会不知道问题的存在吗？还是要看领导,,,,采集,https://www.xiaohongshu.com/explore/6752b2d8000000000202fba0?xsec_token=AB0Wnc9UNb9YhuSUBhrKEEDEaF8LWrA8WeLpDYOff32XY=&xsec_source=pc_search,待确认
H121,下属拿不到上层信息，所以汇报时讲不出前排要求的「战略层」内容,,有没有想过一个问题 就像你说的几个层面 很多人只能想到事务层 是因为信息不对称 不是领导多高瞻远瞩 是他知道更多信息,,,,采集,https://www.xiaohongshu.com/explore/6997e29a000000000c035afb?xsec_token=ABfRCPq9rJHXALRI_kHTSIxGlvuj1w6pRmINoVkzSshBw=&xsec_source=pc_search,待确认
H122,干得越靠谱越吃亏：直属领导拿走成果去上一级邀功，且本身没有人事权和奖金分配权，汇报做得再好也换不到回报,,如果员工极其靠谱会有一个问题，就是领导直接把一摊工作给你，不操任何心，只想你要结果，拿了结果没有一个字的谢，转头就找他的领导去邀功，但是直接领导是没有任何人事权和奖金分配权，资源也只会对那些给他干私活的小兵倾斜。这种情况怎么破解，请各位大佬指点。,,,,采集,https://www.xiaohongshu.com/explore/6997e29a000000000c035afb?xsec_token=ABfRCPq9rJHXALRI_kHTSIxGlvuj1w6pRmINoVkzSshBw=&xsec_source=pc_search,待确认
H123,直接抛问题给领导拿不到回复，改成带分析的选择题才能推动决策,,啊太真实了。我每次直接问问题，基本上都得不到答复。但一旦我自己加入了分析呈现过去一个选择题是，很快几天收到了答复 并且顺利推进下去,,,,采集,https://www.xiaohongshu.com/explore/6997e29a000000000c035afb?xsec_token=ABfRCPq9rJHXALRI_kHTSIxGlvuj1w6pRmINoVkzSshBw=&xsec_source=pc_search,待确认
H124,登记表故意留白后，被面试官当场逐项追问为什么不写完，只能被动挨批,,那天去面试，登记表写得不太完整，然后面试官就说我为什么地址只写小区不写完前面的（她说她不是本地人不知道具体位置）看我通勤距离，然后家庭主要成员我只写了我妈，她又说我为什么不写完 会让人误以为我是单亲家庭，说这些要放进公司档案的，一直在挑剔我写的不好,,,,采集,https://www.xiaohongshu.com/explore/67c1b93e0000000009039ace?xsec_token=AB9bpz6ye-BlkqyjIkh3hJNuy-EXU4KnBn_i2YuP4eLLY=&xsec_source=pc_search,待确认
H125,拒填身份证号被HR以「要查征信」为由驳回，只能用撕表走人这种极端方式收场,,今天遇到一个要我填身份证号的我问他不填可以吗，他说不行，公司要查你的征信，我当时把表拿过来直接撕了，然后转身就走,,,,采集,https://www.xiaohongshu.com/explore/67c1b93e0000000009039ace?xsec_token=AB9bpz6ye-BlkqyjIkh3hJNuy-EXU4KnBn_i2YuP4eLLY=&xsec_source=pc_search,待确认
H126,按网上说的乱填身份证号，到了发offer前要背调时被识破，被当成故意欺骗而丢掉机会,,我就是乱填的改了数字 然后公司说要背调后发offer 我说我那个信息需要修改因为怕暴露隐私我就没写准确的 然后就让我回去了结果也没背调就告诉我有机会下次合作 感觉他们还挺介意我不写正确的好像我故意骗他们似的,,,,采集,https://www.xiaohongshu.com/explore/65961b1b000000001101d5b6?xsec_token=ABt5Q0HP6ZjH1CEQ_Dkf6rqqxhP_L1_1UyxLO5in1bAfQ=&xsec_source=pc_search,待确认
H127,已给出拒填话术，但同一条自己承认对部分HR无效、会被直接刷掉，失效边界没人接着讲,,没有关系的，只要你直接跟对方说出于个人信息保护，你暂时不填，如果面试成功了我会补充完整。HR也会谅解。但是也有部分HR觉得你不配合，太麻烦，面试完直接out,,,,采集,https://www.xiaohongshu.com/explore/65961b1b000000001101d5b6?xsec_token=ABt5Q0HP6ZjH1CEQ_Dkf6rqqxhP_L1_1UyxLO5in1bAfQ=&xsec_source=pc_search,待确认
H128,面试如实填写全部信息后遭遇精准诈骗，损失一年工资,,全写了真实的，难怪能把我精准诈骗一年辛苦工资全没了,,,,采集,https://www.xiaohongshu.com/explore/693fccbd000000001f008b88?xsec_token=ABhiiSjkmOVZkBr79voZBrRrd8jnrQjvPi6b13CLFgbxA=&xsec_source=pc_search,待确认
H129,跨城入职，到岗前必须先请假去当地租房，真实到岗时间被搬家占掉,,学姐，我是26应届生，目前这个工作在外地然后我去的话需要一点时间租房，这种情况怎么说呀,,,,采集,https://www.xiaohongshu.com/explore/6a465c300000000015026c90?xsec_token=ABpOtIMLDH4jJTZZrsOXw4pTMzR3ULZF2CyFCyijLeOzM=&xsec_source=pc_search,待确认
H130,手里只有这一个面试机会，外地应届生不敢报一到两周，怕报长了直接丢掉唯一的offer,,我是26应届的，然后并且外地，这种情况我可以和HR说，一到两周不超过两周到岗嘛手里一份面试不太敢贸然行动,,,,采集,https://www.xiaohongshu.com/explore/6a465c300000000015026c90?xsec_token=ABpOtIMLDH4jJTZZrsOXw4pTMzR3ULZF2CyFCyijLeOzM=&xsec_source=pc_search,待确认
H131,面试当场约的是下周一，事后HR在BOSS上改口要明天到岗，回答3-4天即被换人,,今天面了一家，面试的时候问我下周一入职行不行，到boss上面又叫我明天入职了。我说要个3-4天才可以，他就说找别人了，这正常吗？有这么急的吗,,,,采集,https://www.xiaohongshu.com/explore/6a0c3b91000000000702f41d?xsec_token=ABWJDd_4jGj5nVdhrGghVBn9V2MpJL41cfu1hB44NVeak=&xsec_source=pc_search,待确认
H132,面试官当面答应一周准备期，转头继续约能立刻到岗的人，候选人事后才被通知不用来,,我上一家我看过招人的，面试的说要一个星期准备，经理说好，人走了叫人事继续面，或者约可以尽快入职的，最后那个通知不用来了,,,,采集,https://www.xiaohongshu.com/explore/6a0c3b91000000000702f41d?xsec_token=ABWJDd_4jGj5nVdhrGghVBn9V2MpJL41cfu1hB44NVeak=&xsec_source=pc_search,待确认
H133,已离职空窗状态，报得长丢机会、报得短暴露没退路被压薪资,,已离职的建议说三个工作日，你说1-2个星期用人单位肯定会选别人，你说明天就来上班说明你没有其他筹码会被压价,,,,采集,https://www.xiaohongshu.com/explore/6a0c3b91000000000702f41d?xsec_token=ABWJDd_4jGj5nVdhrGghVBn9V2MpJL41cfu1hB44NVeak=&xsec_source=pc_search,待确认
H134,同一个问题两头都是减分，候选人找不到既不显得急也不显得拖的答法,,能随时入职的，HR会觉得，面试者急需一份工作 不能随时入职的，HR会觉得，浪费时间,,,,采集,https://www.xiaohongshu.com/explore/68a7c184000000001d01b5e0?xsec_token=ABEZN3dsWtU5SfgZNqA3Z1AdvT_BeO39HSRITFvknCTdU=&xsec_source=pc_search,待确认
H135,空窗半个月零经验的应届生，随时能到岗反而成了「没人要」的信号,,小白无经验的应届生，找了快半个月没有找到工作，这种该怎么回答,,,,采集,https://www.xiaohongshu.com/explore/6a465c300000000015026c90?xsec_token=ABpOtIMLDH4jJTZZrsOXw4pTMzR3ULZF2CyFCyijLeOzM=&xsec_source=pc_search,待确认
H136,HR已口头告知通过并谈了薪资，等待正式offer期间岗位被别人顶替,,上次有个岗位真的非常想去，于是跟hr争取了，hr回复我说跟公司领导申请一下，之后告诉我通过了，薪资多少多少，等领导审批完给我发offer，叫我关注邮箱，等了两三天还没给我发，然后我问了下hr告知，已经安排别人入职了，都来上班了，气死我了,,,,采集,https://www.xiaohongshu.com/explore/65e807c5000000000b00c444?xsec_token=AB6S-YdISZIaMyJwfwRhPsdVp8qIuUsdQoJEPRprFaJUA=&xsec_source=pc_search,待确认
H137,心仪的第一家承诺三天答复但争取后没回音，同时第二家催促尽快入职，被迫在截止时间内二选一,,我昨天上午面试，我能感受出来人事总监态度不错，财务经理可能想找点有点经验我是应届生。说的是三天内给答复，我今天上午争取了一下没回复我。然后我面试了另一家公司，要求我尽快入职。但我很想去第一家，想问怎么办,,,,采集,https://www.xiaohongshu.com/explore/65e807c5000000000b00c444?xsec_token=AB6S-YdISZIaMyJwfwRhPsdVp8qIuUsdQoJEPRprFaJUA=&xsec_source=pc_search,待确认
H138,现实中面试官根本不问这一题，只在结束后给「不匹配/不合适」的模糊结论，话术模板用不上,,但是很多公司的面试官不会这样问你呀。只是最后给你说 你没有通过，原因可能也就是不匹配、不合适这些语言呀,,,,采集,https://www.xiaohongshu.com/explore/684fb0d4000000002202810d?xsec_token=ABFsmDlWxDSCePV3wIW5XShOYLX8UKUF_3HYvW9jsA1Fc=&xsec_source=pc_search,待确认
H139,"真实被刷经历：答""我没缺点""当场出局",,"面试官问缺点根本不是想听你真的缺点，是想看你的情商和反思能力。之前因为说""我没缺点""直接被刷，太亏了",,,,采集,https://www.xiaohongshu.com/explore/699e42870000000015039da9?xsec_token=ABxfTz5Lfe-7hKLXXQnBcyvX8V032FB_cJxZaZWh_VyA0=&xsec_source=pc_search,待确认
H140,技术或专业能力强但缺乏面经情商的求职者，极度抗拒背虚伪套路应付压力测试,,特别讨厌面试官问这些问题，对于情商高一点的人可能还能应付，但对于那些有能力有本事情商却没那么高的人这样问真的很恶心,,,,采集,https://www.xiaohongshu.com/explore/684fb0d4000000002202810d?xsec_token=ABFsmDlWxDSCePV3wIW5XShP8DHyK5zmeIPZxUHzDP1Dg=&xsec_source=pc_search,待确认
H141,应届生社恐视频面试紧张导致说话说一半,,可是社恐怎么办，我当时临近毕业，视频面试，给我紧张坏了，说话也说的不是很利索，有的还不是特别懂，有的说话说一半，当时面试官可能都看出来我的窘迫了，他有时候他会替我解围，没人懂我,,,,采集,https://www.xiaohongshu.com/search_result/688e10880000000023018cbd?xsec_token=ABkh15xb2_igEmJc_J5S6gxf-kMbNAgf1bWWMjXGlUG1Y=&xsec_source=,待确认
H142,反感职场过度汇报文化，认为结果导向比过程可见更重要，不认同'凡事有交代件件有着落'式的形式主义汇报要求,,全中，但是如果领导要也不想弄这些形式主义。有kpi有量化结果，能运转就行我不想看过程怎么样。我不喜欢会汇报的也不喜欢老问的,,,,采集,https://www.xiaohongshu.com/explore/6a7c3be3000000002500d6a1?xsec_token=ABu9w4TY3esZ6mS9kPHvnXTxqOGsA5VHE6Ie2zpRmje7M=&xsec_source=pc_search,待确认
H143,面试中感觉不被尊重/得不到基本礼貌对待,,对我也有同样的体验 国内的面试 面试官没有给予我尊重,,,,采集,https://www.xiaohongshu.com/search_result/68006d90000000001e0060e4?xsec_token=AB52wtiI_BSQNzpsbLbNL-qw0A80yz9m55XGQi3tgCmdo=&xsec_source=,待确认
H144,想要回答“缺乏管理经验/领导力弱”作为缺点，但不确定是否会踩雷,,我说领导能力差，之前在团队中更喜欢做一个协作者，但是管理团队经验较少，这个可以吗,,,,采集,https://www.xiaohongshu.com/search_result/69df675b000000001a02e2ac?xsec_token=ABf3JjLoQKrGXJfqWJrx7e0-tV1IFlTOsGShrrfRbK3rs=&xsec_source=,待确认
H145,基础岗位求职者面对高层/总经理跨级终面，不知如何调整自我介绍重点与应对偏好,,总经理面试呢，只是个普通财务岗，但要到总经理级别，会问点什么怎么应对，自我介绍应该注意和侧重什么,,,,采集,https://www.xiaohongshu.com/search_result/6646a397000000001e02e1bf?xsec_token=ABSbxCpVd2fDv71Qyn9ftSEv-PBKebQm7hNaf_HypsLLY=&xsec_source=,待确认
H146,面试被问未接触过的业务工具，回答“可以学”被面试官直接判定不匹配淘汰,,第一句是最真实的，当初刚开始找工作的时候印象很深刻，问了我一下会不会用一个工具我说可以学立马就不合适了,,,,采集,https://www.xiaohongshu.com/search_result/6a2512cd000000000803318a?xsec_token=ABoGqkTEi5uSr-Aru_6YamWkIUxg3R1WCHQuzUoo5jx2w=&xsec_source=,待确认
H147,已婚未育女性求职者在面试中被HR追问生育规划不知如何得体应答,,已婚几年无娃，面试被问及生育规划的话应该咋回答啊？,,,,采集,https://www.xiaohongshu.com/search_result/6a3e64b9000000000f01ca64?xsec_token=ABxm3-cF08tTEhqkuZg6DPPGoeK7hoMxqR-jqSlL9-6Pw=&xsec_source=,待确认
H148,谈薪环节被HR强行要求提供其他offer截图并刨根问底追问上一份薪资明细,,上周沟通薪资的时候，HR让我出示别的offer截图，我没给，之后又反复追问我的整体年薪和薪资明细，没完没了地刨根问底。,,,,采集,https://www.xiaohongshu.com/search_result/6a4236e60000000022016319?xsec_token=ABZdg4jLfG95cv9GFWKhUycNBCH8cFNArHl6UpT7wY6cU=&xsec_source=,待确认
H149,面试最后提问环节询问社保缴纳等核心利益问题被面试官否定和驳回,,形式大于内容。昨天面一个，面试官说“给你一个提问的机会，想问什么都可以”。我说社保这些多久开始交呐。他说“这个问题不重要，你可以重新提一个”。无语 你猜我还想了解啥,,,,采集,https://www.xiaohongshu.com/search_result/67d29b5e000000000b014eab?xsec_token=ABWssxQLtDmo0R4UnOKnO9-gTSrqtORsecltEjCCl0sdU=&xsec_source=,待确认
H150,老东家团队氛围好但严重拖欠工资时的离职原因表达,,我说的是老东家团队都特别好 对我也很好 但今年五个月就发了半个月工资,,,,采集,https://www.xiaohongshu.com/search_result/688e3d820000000003026edc?xsec_token=ABkh15xb2_igEmJc_J5S6gxWttSJ-ZF0zIpmTeOic67lA=&xsec_source=,待确认
H151,拿新 offer 后老东家不放人且新东家要求两周内入职的时间冲突处境,,olga姐姐，目前拿到了新offer，但是新东家要求两周内入职，老东家有不放人估计得等一个月，请问这样怎么办呢？目前各方谈下来都比较强硬。,,,,采集,https://www.xiaohongshu.com/search_result/67594fae000000000103cf96?xsec_token=ABph5EPOfRIZ72ZdpWSXU71-N5tM2mR9hTgbtDuOCNgcE=&xsec_source=,待确认
H152,面对要求执行违法指令的强势老板无法有效向上沟通,,老板和老板不一样，我老板只需要我听话，哪怕他给的指令违法,,,,采集,https://www.xiaohongshu.com/search_result/6a4b6191000000002100b7a1?xsec_token=AB78zpW53s2LixtvzaoSp1XtaxdYCNvqBsO40PKzBzPE8=&xsec_source=,待确认
H153,开会时被老板客套询问意见却陷入同事排挤的职场陷阱,,“大家还有什么不同的建议，没有的话此次会议结束 ” 这是老板的客套话，千万不要傻乎乎的回答“我有”。 其他同事都会向你投来异样的目光,,,,采集,https://www.xiaohongshu.com/search_result/6a4b6191000000002100b7a1?xsec_token=AB78zpW53s2LixtvzaoSp1XtaxdYCNvqBsO40PKzBzPE8=&xsec_source=,待确认
H154,离职时原公司卡着社保公积金转出及用工关系不给办,,提前准备好，但是上家卡着社保公积金年经，用工关系不办转出怎么办。,,,,采集,https://www.xiaohongshu.com/search_result/6874fbe6000000002203d201?xsec_token=ABISl2mgtCFyLIUHO7wJgmiO7UZlXw1tBFPVO1Ulzvbc8=&xsec_source=,待确认
H155,基层非管理岗位（如初级财务）面对高大上战略框架时觉得过于夸大且不切实际,,可是只是面试一个小的财务，也要上升到一以贯之的战略目标吗？这样会不会有点教老板做事了,,,,采集,https://www.xiaohongshu.com/search_result/667d5822000000001d01920d?xsec_token=ABabgvajoi18M6yBVlf56yTDSD3gsKgTUXTdckEyKuQR0=&xsec_source=,待确认
H156,连续短期跳槽且伴随空窗期被面试追问,,近三份工作都没6个月都是不同行业岗位，还中间都有3-5个月空窗期，这种很难用“个人规划”来解释怎么办，buff叠满了,,,,采集,https://www.xiaohongshu.com/search_result/69b295470000000015021028?xsec_token=ABdb0EnkF1RuquHphATtQx02uS_fGrMZvegiL1xWGJTMA=&xsec_source=,待确认
H157,公司派普通同事而非HR出面进行裁员面谈并试图规避录音取证,,现在公司很精，不让hr和你聊，让同事和你聊。让你留不下任何有效的证据。,,,,采集,https://www.xiaohongshu.com/search_result/69aa8b240000000015030851?xsec_token=ABZFjQnGbg_RkjkDRMRB5TYv2_4iz1L_4tgo7qH00GX7k=&xsec_source=,待确认
H158,HR警惕性高且态度强硬导致常规套话话术被当场识破打断,,HR又不傻，口风又紧态度又强硬，人家发现你在套话肯定就打断了呀,,,,采集,https://www.xiaohongshu.com/search_result/6a4df65800000000170084f7?xsec_token=ABhX6-v4szBDyryvmfy-uK8yzUJCA3_OXzcOPOukDHI0c=&xsec_source=,待确认
H159,探测词：面试话术太学生气怎么改,我是不会吹，我不知道我说啥怎么吹,,不知道该拿什么当素材说，模板背了也填不进内容,素材不是话术，是你手上做过的那件事,成稿_2026-08-15_面试话术太学生气,采集(评论区),https://www.xiaohongshu.com/search_result/682c6801000000000c03acf7,已确认
H160,探测词：面试话术太学生气怎么改,我吹的时候她说你这无法证明,,按前排教的换成熟说法说了，被面试官当场顶回来要证据,说得再老练，追不到第二层就作废,成稿_2026-08-15_面试话术太学生气,采集(评论区),https://www.xiaohongshu.com/search_result/682c6801000000000c03acf7,已确认
H161,探测词：面试话术太学生气怎么改,会吹，但是他万一深挖就露馅了,,第一层能过，怕的是被追问业务细节,怕的不是不会说，是说完接不住,成稿_2026-08-15_面试话术太学生气,采集(评论区),https://www.xiaohongshu.com/search_result/682c6801000000000c03acf7,已确认
H162,探测词：面试话术太学生气怎么改,问到细节的时候就答不上来了,,回答流于表面，遇到细节考核当场卡壳,细节答不上来时给边界，别硬编,成稿_2026-08-15_面试话术太学生气,采集(评论区),https://www.xiaohongshu.com/search_result/682c6801000000000c03acf7,已确认
H163,探测词：面试话术太学生气怎么改（正面样本）,应届生时曾经有一次面试，当面试官质疑我的方案，我心平气和的表明了我这么设计的理由，并坚持我的正确性，结果拿到了special offer，后来才知道当年那个公司在我所在的城市只招4个人。,,被质疑时没换措辞，只是守住方案本身，拿到 special offer,守住的是方案，不是自己的面子,成稿_2026-08-15_面试话术太学生气,采集(评论区),https://www.xiaohongshu.com/search_result/682c6801000000000c03acf7,已确认
H164,探测词：面试话术太学生气怎么改（边界）,i人面试真的觉得很难不磕绊再熟悉的东西也需要思考再表达 停顿就很像磕绊了,,磕巴/停顿被自己误认成学生气,停顿他不扣分，追不下去才扣,成稿_2026-08-15_面试话术太学生气,采集(评论区),https://www.xiaohongshu.com/search_result/682c6801000000000c03acf7,已确认
H165,按模板反问后被面试官原样反问回来，候选人当场无接话方案,,他也回你一个不得不回答的回答（2435赞）,,,,采集,https://www.xiaohongshu.com/explore/692455e3000000001e0047f0,待确认
H166,面试官把反问原封不动抛回，候选人需要即时自答自己的绩效标准,,面试官：这个问题不错！那你觉得你需要达到哪些成绩呢？（1696赞）,,,,采集,https://www.xiaohongshu.com/explore/692455e3000000001e0047f0,待确认
H167,反问反而问倒了面试官，现场陷入尴尬无人给出救场话术,,我问了 对方答不出来 贼尴尬（175赞）,,,,采集,https://www.xiaohongshu.com/explore/692455e3000000001e0047f0,待确认
H168,对反问环节价值存在认知分歧，需要一个非对称风险判断框架,,理论上这个问题环节不会对录取结果本身产生任何影响…简而言之，问好了不加分，问不好扣分（67赞）,,,,采集,https://www.xiaohongshu.com/explore/692455e3000000001e0047f0,待确认
H169,"照搬英文模板但中文语序拿不准，暴露""模板会背不会说""的落地障碍",,"我有点不懂这个句子，可以说是""在我入职一年内，您希望我能取得什么样的成绩吗？""（35赞）",,,,采集,https://www.xiaohongshu.com/explore/692455e3000000001e0047f0,待确认
H170,"被问到不会答的问题时需要一句垫场话拖延思考时间,但没人教中文场景该说什么",,"一般这种情况 老外最喜欢先说一句""thats a good question"" 然后再考虑怎么bullshit一下(101赞)",,,,采集,https://www.xiaohongshu.com/explore/6785b40e000000000900fa81,待确认
H171,"""部分知道但不完整""这一最常见的处境完全没有现成措辞模板,直接说忘记/不知道又不行",,"想问大家遇到那种知道部分答案的情况。比如对方问一年几个季节,你只记得有春天和夏天…那这个时候如何措辞呢？(51赞)",,,,采集,https://www.xiaohongshu.com/explore/6785b40e000000000900fa81,待确认
H172,"求助式/求缓冲式回答成功率不稳定,用户自己也不知道边界在哪",,"我记得我当时回答是我不清楚具体定义,但是接触过,如果给我五分钟google一下,我能马上给你讲明白。这个策略过了一半fail了一半(29赞)",,,,采集,https://www.xiaohongshu.com/explore/6785b40e000000000900fa81,待确认
H173,"用户自发总结出""把主动权拉回自己手里""的打法,但仅1赞,说明该框架尚未被内容化",,"如果是终面或者聊天那种,可以从自己过往的project里面找related的,说good question,我以前做过一个这样的project,share screen,把主动权拉回自己手里",,,,采集,https://www.xiaohongshu.com/explore/6785b40e000000000900fa81,待确认
H174,套用网络谈薪话术公式在实际面试中产生明显的背稿念稿感被考官识破,,對不起 聽起來很像念稿子 其實HR都看得出來 只是不講出來,,,,采集,https://www.xiaohongshu.com/search_result/6996e555000000001a01e430?xsec_token=ABZbczxCyLonLyjISSwTalyxpoEYXOZrUCyZMPAiMureQ=&xsec_source=,待确认
H175,前司薪资偏低导致被新公司内部20%涨幅上限硬性限制且HR拒绝走特批流程,,很多时候比如说，告诉你这个岗位的total package 是60。然后你实际在前司呆了5年，公司内部涨幅不高，导致你的薪资可能偏低于市场价，这个时候你要求25%的涨幅，一年能有55，也没有超过他们的预算60。但对方会说公司规定涨幅在20%以内，所以给不了……HR又不愿意走特批，说是内部流程比较困难,,,,采集,https://www.xiaohongshu.com/search_result/6a71b84f000000002800be3f?xsec_token=ABJ67AJwpaEbbSDyndwOBnXpgcktD6lXU_8a5Qvu9v9Ig=&xsec_source=,待确认
H176,初步议价成功后发现加价偏低，后悔希望二次开口争取,,1w左右的薪资不满意谈了一下加了1000，但是加了之后有点后悔加少了，这种情况还有救吗,,,,采集,https://www.xiaohongshu.com/search_result/68e9e931000000000402b496?xsec_token=AB9avAddVT2TN56-T6O8TdxFLWNuswAcCyhjbaotXCiOI=&xsec_source=,待确认
H177,年初无明确既定目标、被动执行日常任务的岗位缺少业务理解与数据呈现维度的提炼方法,,年前没定目标，就是一边做领导一边发任务，年终总结,,,,采集,https://www.xiaohongshu.com/search_result/69566aec000000001e004db0?xsec_token=ABO84CvCYPKF47bvE6W9b48rF4JpKbr0tkOuoZr7_0sIU=&xsec_source=,待确认
H178,终面展示热情积极后被HR看透迫切心理并借机压薪,,今天刚举报了一个HR。因为我大方热情又积极，给我一个比岗位JD上低5k的offer，还说是用人部门不想要我，她看在我积极的份上跟用人部门争取的。都是千年的狐狸，演什么聊斋呢，我最近面的人没有100也有80，HR只起到一个通知的作用，什么时候HR也能左右用人部门的想法了，想压薪就直说。果断拉黑+投诉举报了,,,,采集,https://www.xiaohongshu.com/search_result/686d3ad3000000002203e695?xsec_token=ABa8rvMArHxjFwGwVgfy1o2chtsXLgFKWbn3Nw04_kvsc=&xsec_source=,待确认
H179,终面遇到大领导换词重复提问但自己仍听不懂时，因慌乱不知如何回应而显得低人一等,,非常有用，另外博主可以出一期，如果被专业问题卡壳，或者发现如果面试官重复了两三遍甚至rephrase 了几次我都还不能理解的话，我该怎么办的情况吗？,,,,采集,https://www.xiaohongshu.com/search_result/692e6443000000001b032902?xsec_token=AB_g6Bv1DWvk2u46KDfHFrvIYx__sYc28NY8EB9GHc9lw=&xsec_source=,待确认
H180,试图用降薪降姿态来换取入职机会，反而被面试官判定为低价值候选人惨遭淘汰,,找工作非常看运气，曾经试过花几个小时车程去东莞面试，一开始要做一张逻辑题试卷，做了，面试也聊了至少半个小时，面试官挺热情的，我也最后表达了不在乎太多薪资问题只想争取个机会的意愿也被无情pass了，说白了，一样的动机虚伪完全看运气看遇到什么样的人有大相径庭的不同结果,,,,采集,https://www.xiaohongshu.com/search_result/686d3ad3000000002203e695?xsec_token=ABa8rvMArHxjFwGwVgfy1o2chtsXLgFKWbn3Nw04_kvsc=&xsec_source=,待确认
H181,实干型员工只做了基础工作但不擅长虚浮包装，面临述职考核心理抗拒,,其实我很讨厌这种“汇报的艺术”。明明做的是一样的事情。甚至有的不做事。只要会说会包装就行了。但领导就喜欢这种包装。这也是我为啥混不好的原因。,,,,采集,https://www.xiaohongshu.com/search_result/6943d57f000000000d00e739?xsec_token=ABKpuEOma-nj7naBiaRe37PPr56ZESAUOU8o28P1D7BuI=&xsec_source=,待确认
H182,缺乏宏大业务成果或方法论，领导只盯硬性业绩数字的实用主义职场处境,,但，利益至上的管理者，宁要那几千的业绩，也不要方法论。,,,,采集,https://www.xiaohongshu.com/search_result/695b352c000000001d03b471?xsec_token=ABcjedrsIZlS8gN2S3WugLW85_U7OLE3AVD1ZoC65G1J8=&xsec_source=,待确认
H183,被同事夸奖后不知道如何高情商接话回应,,啊！同事姐姐经常说：你心细，学东西快了，我不行。我每次都不知道怎么回击🫠,,,,采集,https://www.xiaohongshu.com/explore/6a051e9e00000000080026df?xsec_token=ABX98OOVjvrVL3rZGpK4x_qCApO410ncr28KJYMInB1HI=&xsec_source=pc_search,待确认
H184,三面前两轮已通过但等结果心里没底、HR回复口气让人不安,,(作者对用户处境的回复原话)看HR回复有点悬了…前两轮面试都通过了…现在就是看前面两轮面试官和HR能不能劝说三面面试官,,,,采集,https://www.xiaohongshu.com/explore/69ff2c2e000000001b023cd5?xsec_token=AByYjk_7zBFXAxEVpF9TnVUShiIMiN7QUhc-kV4LR1kUY=&xsec_source=pc_search,待确认
H185,反问环节面试官整段敷衍，候选人拿不到任何有效信息也不知道该不该追问,,问业务是什么，答业务比较大，问实习生做什么，答实习生跟正式工干一样的活（6赞）,,,,采集,https://www.xiaohongshu.com/explore/69e9eed10000000020039b88,待确认
H186,候选人分不清敷衍是合规限制还是态度问题，因此不敢追问,,面试官是不能透露太多业务信息的（评论区反驳）,,,,采集,https://www.xiaohongshu.com/explore/69e9eed10000000020039b88,待确认
H187,被敷衍后只有情绪反弹，没有体面的对等话术出口,,要是这样，那面试人也不必透露技术细节（28赞，本条最高赞）,,,,采集,https://www.xiaohongshu.com/explore/69e9eed10000000020039b88,待确认
H188,把'反问被敷衍'当成已挂的信号，需要判读方法,,我也碰到了，隔天就挂了，还是三面，浪费好多时间,,,,采集,https://www.xiaohongshu.com/explore/69e9eed10000000020039b88,待确认
H189,口头确定录用+约体检后突然失联，不知是流程慢还是变卦，也不敢催,,面试完之后，加了微信，确定要我，然后说帮我约体检，之后一天没联系，这样正常吗？（33赞）,,,,采集,https://www.xiaohongshu.com/explore/69afbf57000000001d027f5a,待确认
H190,"高赞回复只给""可以催一下""的结论，完全没给怎么开口催的原话——本轮最大空缺",,不正常，现在吊着人，然后再面试的很多，你可以催一下，另外接着投简历去面试，直到入职（63赞）,,,,采集,https://www.xiaohongshu.com/explore/69afbf57000000001d027f5a,待确认
H191,"用""面试时长""当判读依据，短面即焦虑",,面试都要聊的长才算稳吗。。二面只给我说了关键考核工作节奏，问了一些关键问题，业务负责人面的，10来分钟就结束了，那不是很悬了（32赞）,,,,采集,https://www.xiaohongshu.com/explore/69afbf57000000001d027f5a,待确认
H192,"HR给了""夸奖+时间截点""组合，用户判定为委婉拒绝",,今天一面人资经理聊了十分钟不到，跟我说要把简历给用人部门看，合适的话最多下周一会联系二面，如果下周一还没收到通知就不用等了，然后夸了我一堆说什么性格蛮好蛮优秀的他们也会尽力推荐，感觉没希望了（5赞）,,,,采集,https://www.xiaohongshu.com/explore/69afbf57000000001d027f5a,待确认
H193,★四年后被新面试官当场追问旧面评，需要现场回应话术——XHS/web两侧供给为零,,21年本科面试代码没写出来被留下面评代码写的稀烂，25年面试的时候还在被面试官问为什么当年面试官这么说（22赞）,,,,采集,https://www.xiaohongshu.com/explore/6a06d47b000000003600211a,待确认
H194,投递顺序焦虑：怕把心仪公司当练手浪费掉,,我也是，挂了三次一面，字节完全不是拿来练手的，应该试过所有大厂后再投的（148赞）,,,,采集,https://www.xiaohongshu.com/explore/6a06d47b000000003600211a,待确认
H195,"内部人视角给出""匹配度""这一去污名化框架，可作为成稿的判读依据",,体感节的正常面评不会很影响的，顶多反映和岗位匹配度不高，除非评价差得离谱（69赞）,,,,采集,https://www.xiaohongshu.com/explore/6a06d47b000000003600211a,待确认
H196,规则不透明导致猜测，用户需要可核实的时效说明,,永久应该不至于吧我记得+1说有时间期限的？具体是多久就不知道了…除非是之前有红线问题 Show offer又拒了这种好像也就才两年不能面试吧？（5赞）,,,,采集,https://www.xiaohongshu.com/explore/6a06d47b000000003600211a,待确认
H197,幸存者反例，可作为文案里的宽慰锚点,,没事我的也脏很多次 最后也被捞上岸了（19赞）,,,,采集,https://www.xiaohongshu.com/explore/6a06d47b000000003600211a,待确认
H198,入职三个月的新人，战战兢兢唯唯诺诺生怕做错被围攻,,我现在就是大不了不干这种情况，入职三个月天天唯唯诺诺战战兢兢都融不入圈子，生怕做错一点被围攻，这感觉好难熬,,,,采集,https://www.xiaohongshu.com/search_result/669da3a60000000025015d37?xsec_token=AB-uZA6FTojrv1MqzCQGaQroPcB-vatvaYRRXznnAMAHM=&xsec_source=,待确认
H199,被领导当众大骂且背锅,,最近我也是犯了一点基本错误，但是是我和其他部门同事各50的责任，我们都写了检讨书，但是我们院领导却只骂我，而且当着很多人骂我，很难听。,,,,采集,https://www.xiaohongshu.com/search_result/669da3a60000000025015d37?xsec_token=AB-uZA6FTojrv1MqzCQGaQroPcB-vatvaYRRXznnAMAHM=&xsec_source=,待确认
H200,求职者面试前询问社保基数和薪资结构直接导致被HR冷处理,,可是，面试前一问五险一金缴纳基数比例，薪资结构的，就不理人了,,,,采集,https://www.xiaohongshu.com/search_result/6a3e8cf7000000000803c3e5?xsec_token=ABxm3-cF08tTEhqkuZg6DPPNYRZWR3Tqy8OE-fxW-WhQ4=&xsec_source=,待确认
H201,套用网传自我介绍万能模板去面试，被面试官当场指出太生硬模版化,,呜呜呜今天用了这个模板，被面试官说太生硬了太模版化了,,,,采集,https://www.xiaohongshu.com/search_result/66d82df5000000001e01b8bb?xsec_token=ABVgbUmu2IOkEHUcTmqerDxc5n4m7oq14U-_EqRd1RVuQ=&xsec_source=,待确认
H202,面试时未按常规套路回答，被HR连续追问要求给出符合预期的具体细节,,天呐我面游戏科学的时候也是这么回答的。。但hr继续反复让我具体说，说白了就是非要想要听到那种模版化的答案。。,,,,采集,https://www.xiaohongshu.com/search_result/68c2b427000000001d01fda6?xsec_token=ABd_shnGdcntKzBozskSnnXHc4XynreoXPXMjTklyWYc8=&xsec_source=,待确认
