关键词,场景类型,意图强度,竞争密度,关联案例ID,状态,发布日,搜索来源占比
晋升答辩被评委问倒怎么办,事件,高,待探测,C001,待验证,,
晋升答辩 数据来源被追问 怎么答,事件,高,待探测,C001,待验证,,
答辩PPT讲到一半被打断怎么办,事件,高,待探测,C001,待验证,,
谈薪HR说预算就这么多怎么回,事件,高,待探测,,待验证,,
绩效面谈被打低分怎么开口,事件,高,待探测,,待验证,,
跨部门不配合怎么推动,事件,中,待探测,,待验证,,
空降新老板前30天怎么站稳,情境,高,待探测,,待验证,,
试用期快结束没拿到结果怎么办,情境,高,待探测,,待验证,,
被裁员面谈时该说什么,情境,高,待探测,,待验证,,
汇报被领导打断怎么接,症状,中,待探测,,待验证,,
领导不回消息该不该追问,症状,中,待探测,,待验证,,
说完方案领导没反应怎么办,症状,中,待探测,,待验证,,
面试被问离职原因怎么说,事件,高,待探测,,待验证,,
面试最后一问该问什么,事件,高,待探测,,待验证,,
述职报告开头怎么讲,事件,中,待探测,C001,待验证,,
面试靠谱回答如果没被录用怎么办?,待归类,待探测,待探测,,候选-源自记忆库(热度117000),,
如何在面试中展示完美肢体语言,待归类,待探测,待探测,,候选-源自记忆库(热度81000),,
面试中如何展示完美肢体语言,待归类,待探测,待探测,,候选-源自记忆库(热度81000),,
你有什么缺点？原来这才是外企面试官想听的！,待归类,待探测,待探测,,候选-源自记忆库(热度64000),,
职场万用术：你学会了吗？,待归类,待探测,待探测,,候选-源自记忆库(热度39000),,
面试官是怎么看出来一个人能力差的,待归类,待探测,待探测,,候选-源自记忆库(热度23000),,
如何让任何人都爱上和你聊天？人缘爆棚！,待归类,待探测,待探测,,候选-源自记忆库(热度20000),,
超级干货：如何用新闻复述法练习表达能力,待归类,待探测,待探测,,候选-源自记忆库(热度19000),,
如何快速提高表达能力？提升职场上限,待归类,待探测,待探测,,候选-源自记忆库(热度18000),,
如何通过表达建立主体性，像自己那样说？,待归类,待探测,待探测,,候选-源自记忆库(热度16000),,
HR问'你的缺点'该怎么回答(一篇讲清楚),待归类,待探测,待探测,,候选-源自记忆库(热度15000),,
"HR问""你的缺点""该怎么回答（一篇讲清楚）文字版",待归类,待探测,待探测,,候选-源自记忆库(热度15000),,
HR问“你的缺点”该怎么回答（一篇讲清楚）文字,待归类,待探测,待探测,,候选-源自记忆库(热度15000),,
如何让自己成为一个高配得感的人？,待归类,待探测,待探测,,候选-源自记忆库(热度14000),,
如何锻炼输出表达能力,待归类,待探测,待探测,,候选-源自记忆库(热度14000),,
面试被问什么时候入职？三个角度给你答案！,待归类,待探测,待探测,,候选-源自记忆库(热度14000),,
干货❗面试官最讨厌的5句话，你说过吗,待归类,待探测,待探测,,候选-源自记忆库(热度13000),,
哭了为什么我面试前没看到这些话术,待归类,待探测,待探测,,候选-源自记忆库(热度12000),,
