预测日,成稿文件,关键词,口径,竞争密度,意图强度,审核分,观看_低,观看_高,点赞_低,点赞_高,收藏_低,收藏_高,评论_低,评论_高,转发_低,转发_高,CES_低,CES_高,依据
2026-08-03,成稿_2026-08-03_答辩讲一半被打断.md,答辩PPT讲到一半被打断怎么办,搜索流,中,高,89,350,900,7,38,4,38,1,8,1,6,19,132,密度中(前排中位226赞)·意图高·审核89·质量系数1.0
2026-08-03,成稿_2026-08-03_晋升答辩有可能不过.md,晋升答辩有可能不过吗,搜索流,中,高,86,350,900,7,38,4,38,1,8,1,6,19,132,密度中(前排中位?赞)·意图高·审核86·质量系数1.0
2026-08-04,成稿_2026-08-04_第三轮不再看能力.md,第三轮hr面试一般会问什么,搜索流,中,高,86,350,900,7,38,4,38,1,8,1,6,19,132,密度中(前排中位431.5赞)·意图高·审核86·质量系数1.0
2026-08-04,成稿_2026-08-04_汇报被打断不是没耐心.md,汇报被领导打断怎么接,搜索流,低,中,88,250,600,3,19,2,19,0,4,0,3,5,66,密度低(前排中位8.0赞)·意图中·审核88·质量系数1.0
2026-08-04,成稿_2026-08-04_领导不回三种情况.md,领导不回消息该不该追问,搜索流,低,中,86,250,600,3,19,2,19,0,4,0,3,5,66,密度低(前排中位111.0赞)·意图中·审核86·质量系数1.0
2026-08-05,成稿_2026-08-05_干最多的常被刷.md,晋升答辩有可能不过吗,搜索流,中,高,89,350,900,7,38,4,38,1,8,1,6,19,132,密度中(前排中位?赞)·意图高·审核89·质量系数1.0
2026-08-05,成稿_2026-08-05_轻视第二回合.md,职场被孤立怎么办,搜索流,中,中,88,350,900,4,28,2,28,0,6,0,4,6,96,密度中(前排中位438.5赞)·意图中·审核88·质量系数1.0
2026-08-05,成稿_2026-08-05_孤立多半领导默许.md,绩效面谈被打低分怎么开口,搜索流,低,中,87,250,600,3,19,2,19,0,4,0,3,5,66,密度低(前排中位125.5赞)·意图中·审核87·质量系数1.0
2026-08-06,成稿_2026-08-06_汇报被打断.md,汇报被领导打断怎么接,搜索流,低,中,86,250,600,3,19,2,19,0,4,0,3,5,66,密度低(前排中位8.0赞)·意图中·审核86·质量系数1.0
2026-08-06,成稿_2026-08-06_绩效被打低分.md,绩效面谈被打低分怎么开口,搜索流,低,中,86,250,600,3,19,2,19,0,4,0,3,5,66,密度低(前排中位125.5赞)·意图中·审核86·质量系数1.0
2026-08-06,成稿_2026-08-06_总经理终面不吃范文.md,总经理终面一般会问什么,搜索流,高,高,85,200,700,4,29,2,29,0,6,0,4,6,98,密度高(前排中位1069.0赞)·意图高·审核85·质量系数1.0
2026-08-07,成稿_2026-08-07_绩效被打低分.md,绩效面谈被打低分怎么开口,搜索流,低,中,88,250,600,3,19,2,19,0,4,0,3,5,66,密度低(前排中位125.5赞)·意图中·审核88·质量系数1.0
2026-08-07,成稿_2026-08-07_空降后下属不服管.md,空降新老板前30天怎么站稳,搜索流,低,高,86,250,600,5,25,3,25,0,5,0,4,8,86,密度低(前排中位66.5赞)·意图高·审核86·质量系数1.0
2026-08-07,成稿_2026-08-07_绩效被打低分.md,绩效面谈被打低分怎么开口,搜索流,低,中,88,250,600,3,19,2,19,0,4,0,3,5,66,密度低(前排中位125.5赞)·意图中·审核88·质量系数1.0
2026-08-07,成稿_2026-08-07_汇报被打断.md,汇报被领导打断怎么接,搜索流,低,中,86,250,600,3,19,2,19,0,4,0,3,5,66,密度低(前排中位8.0赞)·意图中·审核86·质量系数1.0
2026-08-07,成稿_2026-08-07_绩效被打低分.md,绩效面谈被打低分怎么开口,搜索流,低,中,90,325,780,4,24,2,24,0,5,0,4,6,84,密度低(前排中位125.5赞)·意图中·审核90·质量系数1.3
2026-08-07,成稿_2026-08-07_不想转正先定哪天说.md,试用期结束不想转正怎么跟领导说,搜索流,低,高,86,250,600,5,25,3,25,0,5,0,4,8,86,密度低(前排中位?赞)·意图高·审核86·质量系数1.0
2026-08-07,成稿_2026-08-07_绩效被打低分.md,绩效面谈被打低分怎么开口,搜索流,低,中,86,250,600,3,19,2,19,0,4,0,3,5,66,密度低(前排中位125.5赞)·意图中·审核86·质量系数1.0
2026-08-08,成稿_2026-08-08_汇报被打断.md,汇报被领导打断怎么接,搜索流,低,中,86,250,600,3,19,2,19,0,4,0,3,5,66,密度低(前排中位8.0赞)·意图中·审核86·质量系数1.0
2026-08-08,成稿_2026-08-08_还没毕业他在算到岗日期.md,还没毕业去面试怎么说,搜索流,低,高,87,250,600,5,25,3,25,0,5,0,4,8,86,密度低(前排中位?赞)·意图高·审核87·质量系数1.0
2026-08-08,成稿_2026-08-08_新领导空降先给你贴标签.md,空降新老板前30天怎么站稳,搜索流,低,高,90,325,780,6,33,4,33,1,7,0,5,14,114,密度低(前排中位66.5赞)·意图高·审核90·质量系数1.3
2026-08-08,成稿_2026-08-08_汇报被打断.md,汇报被领导打断怎么接,搜索流,低,中,90,325,780,4,24,2,24,0,5,0,4,6,84,密度低(前排中位8.0赞)·意图中·审核90·质量系数1.3
2026-08-08,成稿_2026-08-08_绩效被打低分.md,绩效面谈被打低分怎么开口,搜索流,低,中,85,250,600,3,19,2,19,0,4,0,3,5,66,密度低(前排中位125.5赞)·意图中·审核85·质量系数1.0
2026-08-08,成稿_2026-08-08_被说像背的不是背得不熟.md,总经理终面一般会问什么,搜索流,高,高,88,200,700,4,29,2,29,0,6,0,4,6,98,密度高(前排中位1069.0赞)·意图高·审核88·质量系数1.0
2026-08-08,成稿_2026-08-08_汇报被打断.md,汇报被领导打断怎么接,搜索流,低,中,89,250,600,3,19,2,19,0,4,0,3,5,66,密度低(前排中位8.0赞)·意图中·审核89·质量系数1.0
2026-08-08,成稿_2026-08-08_绩效被打低分.md,绩效面谈被打低分怎么开口,搜索流,低,中,87,250,600,3,19,2,19,0,4,0,3,5,66,密度低(前排中位125.5赞)·意图中·审核87·质量系数1.0
2026-08-08,成稿_2026-08-08_面试感谢不是礼貌问题.md,总经理终面一般会问什么,搜索流,高,高,87,200,700,4,29,2,29,0,6,0,4,6,98,密度高(前排中位1069.0赞)·意图高·审核87·质量系数1.0
2026-08-08,成稿_2026-08-08_汇报被打断.md,汇报被领导打断怎么接,搜索流,低,中,88,250,600,3,19,2,19,0,4,0,3,5,66,密度低(前排中位8.0赞)·意图中·审核88·质量系数1.0
2026-08-08,成稿_2026-08-08_刚换领导他在给你建档.md,汇报被领导打断怎么接,搜索流,低,中,85,250,600,3,19,2,19,0,4,0,3,5,66,密度低(前排中位8.0赞)·意图中·审核85·质量系数1.0
2026-08-08,成稿_2026-08-08_同一道题两个答案.md,第三轮hr面试一般会问什么,搜索流,中,高,86,350,900,7,38,4,38,1,8,1,6,19,132,密度中(前排中位431.5赞)·意图高·审核86·质量系数1.0
2026-08-09,成稿_2026-08-09_汇报被打断.md,汇报被领导打断怎么接,搜索流,低,中,87,250,600,3,19,2,19,0,4,0,3,5,66,密度低(前排中位8.0赞)·意图中·审核87·质量系数1.0
2026-08-09,成稿_2026-08-09_绩效被打低分.md,绩效面谈被打低分怎么开口,搜索流,低,中,86,250,600,3,19,2,19,0,4,0,3,5,66,密度低(前排中位125.5赞)·意图中·审核86·质量系数1.0
2026-08-09,成稿_2026-08-09_一把手先看你归谁管.md,晋升答辩 数据来源被追问 怎么答,搜索流,中,高,88,350,900,7,38,4,38,1,8,1,6,19,132,密度中(前排中位418.0赞)·意图高·审核88·质量系数1.0
2026-08-09,成稿_2026-08-09_面试结果他不回未必是拒绝.md,如何礼貌询问面试结果,搜索流,低,高,87,250,600,5,25,3,25,0,5,0,4,8,86,密度低(前排中位?赞)·意图高·审核87·质量系数1.0
2026-08-11,成稿_2026-08-11_面试肢体语言练过头.md,如何在面试中展示完美肢体语言,搜索流,高,待探测,88,200,700,3,22,2,22,0,4,0,3,5,72,密度高(前排中位?赞)·意图待探测·审核88·质量系数1.0｜意图「待探测」未知→按中档估
2026-08-11,成稿_2026-08-11_汇报被打断.md,汇报被领导打断怎么接,搜索流,低,中,88,250,600,3,19,2,19,0,4,0,3,5,66,密度低(前排中位8.0赞)·意图中·审核88·质量系数1.0
2026-08-11,成稿_2026-08-11_绩效被打低分.md,绩效面谈被打低分怎么开口,搜索流,低,中,86,250,600,3,19,2,19,0,4,0,3,5,66,密度低(前排中位125.5赞)·意图中·审核86·质量系数1.0
2026-08-11,成稿_2026-08-11_汇报被打断.md,汇报被领导打断怎么接,搜索流,低,中,91,325,780,4,24,2,24,0,5,0,4,6,84,密度低(前排中位8.0赞)·意图中·审核91·质量系数1.3
2026-08-11,成稿_2026-08-11_职场万用术对领导会翻车.md,职场万用术：你学会了吗？,搜索流,高,待探测,85,200,700,3,22,2,22,0,4,0,3,5,72,密度高(前排中位4392.5赞)·意图待探测·审核85·质量系数1.0｜意图「待探测」未知→按中档估
2026-08-11,成稿_2026-08-11_汇报被打断.md,汇报被领导打断怎么接,搜索流,低,中,86,250,600,3,19,2,19,0,4,0,3,5,66,密度低(前排中位8.0赞)·意图中·审核86·质量系数1.0
2026-08-12,成稿_2026-08-12_HR面试薪酬谈判别再套模板.md,hr面试薪酬谈判有哪些技巧,搜索流,高,高,85,200,700,4,29,2,29,0,6,0,4,6,98,密度高(前排中位951.5赞)·意图高·审核85·质量系数1.0
2026-08-14,成稿_2026-08-14_面试前没看到这些话术.md,哭了为什么我面试前没看到这些话术,搜索流,高,待探测,86,200,700,3,22,2,22,0,4,0,3,5,72,密度高(前排中位2848赞)·意图待探测·审核86·质量系数1.0｜意图「待探测」未知→按中档估
2026-08-15,成稿_2026-08-15_汇报被打断.md,汇报被领导打断怎么接,搜索流,低,中,80,42,175,1,5,1,5,0,1,0,1,2,18,密度低(前排中位8.0赞)·意图中·审核80·质量系数0.7
2026-08-16,成稿_2026-08-16_试用期没拿到结果.md,试用期快结束没拿到结果怎么办,搜索流,低,高,80,250,600,5,25,3,25,0,5,0,4,8,86,密度低(前排中位37.5赞)·意图高·审核80·质量系数1.0
2026-08-16,成稿_2026-08-16_总经理终面问期望薪资怎么答.md,总经理终面问期望薪资怎么答,搜索流,高,待探测,86,200,700,3,22,2,22,0,4,0,3,5,72,密度高(前排中位2640.5赞)·意图待探测·审核86·质量系数1.0｜意图「待探测」未知→按中档估
2026-08-16,成稿_2026-08-16_晋升答辩有可能不过.md,晋升答辩有可能不过吗,搜索流,中,高,85,350,900,7,38,4,38,1,8,1,6,19,132,密度中(前排中位?赞)·意图高·审核85·质量系数1.0
2026-08-16,成稿_2026-08-16_接住领导追问思考框架.md,接住领导追问 思考框架 具体怎么用,搜索流,高,待探测,88,200,700,3,22,2,22,0,4,0,3,5,72,密度高(前排中位2505赞)·意图待探测·审核88·质量系数1.0｜意图「待探测」未知→按中档估
2026-08-18,成稿_2026-08-18_终面低人一等.md,终面怎么说话才不显得低人一等,搜索流,高,待探测,89,200,700,3,22,2,22,0,4,0,3,5,72,密度高(前排中位2223.5赞)·意图待探测·审核89·质量系数1.0｜意图「待探测」未知→按中档估
2026-08-18,成稿_2026-08-18_试用期没拿到结果.md,试用期快结束没拿到结果怎么办,搜索流,低,高,80,250,600,5,25,3,25,0,5,0,4,8,86,密度低(前排中位37.5赞)·意图高·审核80·质量系数1.0
2026-08-18,成稿_2026-08-18_晋升答辩有可能不过.md,晋升答辩有可能不过吗,搜索流,中,高,86,350,900,7,38,4,38,1,8,1,6,19,132,密度中(前排中位?赞)·意图高·审核86·质量系数1.0
2026-08-18,成稿_2026-08-18_如何一开口工作能力超强.md,如何一开口，就让人觉得你工作能力超强（实操,搜索流,高,待探测,86,200,700,3,22,2,22,0,4,0,3,5,72,密度高(前排中位3090赞)·意图待探测·审核86·质量系数1.0｜意图「待探测」未知→按中档估
2026-08-18,成稿_2026-08-18_终面低人一等.md,终面怎么说话才不显得低人一等,搜索流,高,待探测,88,200,700,3,22,2,22,0,4,0,3,5,72,密度高(前排中位2223.5赞)·意图待探测·审核88·质量系数1.0｜意图「待探测」未知→按中档估
2026-08-18,成稿_2026-08-18_答辩30分钟评委走流程怎么讲重点.md,答辩只有30分钟 评委走流程 怎么讲重点,搜索流,高,待探测,83,200,700,3,22,2,22,0,4,0,3,5,72,密度高(前排中位2246.0赞)·意图待探测·审核83·质量系数1.0｜意图「待探测」未知→按中档估
2026-08-19,成稿_2026-08-19_终面低人一等.md,终面怎么说话才不显得低人一等,搜索流,高,待探测,87,200,700,3,22,2,22,0,4,0,3,5,72,密度高(前排中位2223.5赞)·意图待探测·审核87·质量系数1.0｜意图「待探测」未知→按中档估
2026-08-19,成稿_2026-08-19_终面低人一等.md,终面怎么说话才不显得低人一等,搜索流,高,待探测,90,260,910,3,28,2,28,0,6,0,4,5,96,密度高(前排中位2223.5赞)·意图待探测·审核90·质量系数1.3｜意图「待探测」未知→按中档估
2026-08-19,成稿_2026-08-19_述职一句话写出价值.md,述职 价值 怎么用一句话写出来,搜索流,中,待探测,82,350,900,4,28,2,28,0,6,0,4,6,96,密度中(前排中位507.0赞)·意图待探测·审核82·质量系数1.0｜意图「待探测」未知→按中档估
2026-08-20,成稿_2026-08-20_终面低人一等.md,终面怎么说话才不显得低人一等,搜索流,高,待探测,91,260,910,3,28,2,28,0,6,0,4,5,96,密度高(前排中位2223.5赞)·意图待探测·审核91·质量系数1.3｜意图「待探测」未知→按中档估
2026-08-20,成稿_2026-08-20_合同到期续签涨薪.md,合同到期续签可以涨薪吗,搜索流,低,高,86,250,600,5,25,3,25,0,5,0,4,8,86,密度低(前排中位?赞)·意图高·审核86·质量系数1.0
2026-08-20,成稿_2026-08-20_终面低人一等.md,终面怎么说话才不显得低人一等,搜索流,高,待探测,89,200,700,3,22,2,22,0,4,0,3,5,72,密度高(前排中位2223.5赞)·意图待探测·审核89·质量系数1.0｜意图「待探测」未知→按中档估
2026-08-20,成稿_2026-08-20_救场话术也忘了怎么办.md,救场话术也忘了怎么办,搜索流,中,待探测,83,350,900,4,28,2,28,0,6,0,4,6,96,密度中(前排中位453赞)·意图待探测·审核83·质量系数1.0｜意图「待探测」未知→按中档估
2026-08-21,成稿_2026-08-21_终面低人一等.md,终面怎么说话才不显得低人一等,搜索流,高,待探测,90,260,910,3,28,2,28,0,6,0,4,5,96,密度高(前排中位2223.5赞)·意图待探测·审核90·质量系数1.3｜意图「待探测」未知→按中档估
2026-08-21,成稿_2026-08-21_让HR直接涨薪的离职原因.md,让HR直接涨薪的离职原因 你会了吗,搜索流,低,待探测,90,325,780,4,24,2,24,0,5,0,4,6,84,密度低(前排中位39赞)·意图待探测·审核90·质量系数1.3｜意图「待探测」未知→按中档估
2026-08-21,成稿_2026-08-21_终面低人一等.md,终面怎么说话才不显得低人一等,搜索流,高,待探测,90,260,910,3,28,2,28,0,6,0,4,5,96,密度高(前排中位2223.5赞)·意图待探测·审核90·质量系数1.3｜意图「待探测」未知→按中档估
2026-08-21,成稿_2026-08-21_合同到期续签提涨薪.md,合同到期公司想续签能不能提涨薪,搜索流,低,高,86,250,600,5,25,3,25,0,5,0,4,8,86,密度低(前排中位?赞)·意图高·审核86·质量系数1.0
2026-08-22,成稿_2026-08-22_终面低人一等.md,终面怎么说话才不显得低人一等,搜索流,高,待探测,91,260,910,3,28,2,28,0,6,0,4,5,96,密度高(前排中位2223.5赞)·意图待探测·审核91·质量系数1.3｜意图「待探测」未知→按中档估
2026-08-22,成稿_2026-08-22_终面低人一等.md,终面怎么说话才不显得低人一等,搜索流,高,待探测,87,200,700,3,22,2,22,0,4,0,3,5,72,密度高(前排中位2223.5赞)·意图待探测·审核87·质量系数1.0｜意图「待探测」未知→按中档估
2026-08-22,成稿_2026-08-22_答辩只答不辩.md,答辩只答不辩会不会显得啥也不会,搜索流,高,待探测,89,200,700,3,22,2,22,0,4,0,3,5,72,密度高(前排中位1902.0赞)·意图待探测·审核89·质量系数1.0｜意图「待探测」未知→按中档估
2026-08-23,成稿_2026-08-23_终面低人一等.md,终面怎么说话才不显得低人一等,搜索流,高,待探测,86,200,700,3,22,2,22,0,4,0,3,5,72,密度高(前排中位2223.5赞)·意图待探测·审核86·质量系数1.0｜意图「待探测」未知→按中档估
2026-08-23,成稿_2026-08-23_结构化表达不靠公式.md,如何提升结构化表达？3步成为表达高手！,搜索流,高,待探测,89,200,700,3,22,2,22,0,4,0,3,5,72,密度高(前排中位1781赞)·意图待探测·审核89·质量系数1.0｜意图「待探测」未知→按中档估
2026-08-23,成稿_2026-08-23_终面低人一等.md,终面怎么说话才不显得低人一等,搜索流,高,待探测,90,260,910,3,28,2,28,0,6,0,4,5,96,密度高(前排中位2223.5赞)·意图待探测·审核90·质量系数1.3｜意图「待探测」未知→按中档估
2026-08-23,成稿_2026-08-23_终面低人一等.md,终面怎么说话才不显得低人一等,搜索流,高,待探测,90,260,910,3,28,2,28,0,6,0,4,5,96,密度高(前排中位2223.5赞)·意图待探测·审核90·质量系数1.3｜意图「待探测」未知→按中档估
2026-08-24,成稿_2026-08-24_答辩逐字稿.md,答辩到底要不要写逐字稿,搜索流,高,待探测,90,260,910,3,28,2,28,0,6,0,4,5,96,密度高(前排中位2114.0赞)·意图待探测·审核90·质量系数1.3｜意图「待探测」未知→按中档估
2026-08-24,成稿_2026-08-24_终面低人一等.md,终面怎么说话才不显得低人一等,搜索流,高,待探测,86,200,700,3,22,2,22,0,4,0,3,5,72,密度高(前排中位2223.5赞)·意图待探测·审核86·质量系数1.0｜意图「待探测」未知→按中档估
2026-08-24,成稿_2026-08-24_答辩逐字稿.md,答辩到底要不要写逐字稿,搜索流,高,待探测,88,200,700,3,22,2,22,0,4,0,3,5,72,密度高(前排中位2114.0赞)·意图待探测·审核88·质量系数1.0｜意图「待探测」未知→按中档估
2026-08-24,成稿_2026-08-24_终面低人一等.md,终面怎么说话才不显得低人一等,搜索流,高,待探测,86,200,700,3,22,2,22,0,4,0,3,5,72,密度高(前排中位2223.5赞)·意图待探测·审核86·质量系数1.0｜意图「待探测」未知→按中档估
2026-08-25,成稿_2026-08-25_答辩逐字稿.md,答辩到底要不要写逐字稿,搜索流,高,待探测,88,200,700,3,22,2,22,0,4,0,3,5,72,密度高(前排中位2114.0赞)·意图待探测·审核88·质量系数1.0｜意图「待探测」未知→按中档估
2026-08-25,成稿_2026-08-25_终面低人一等.md,终面怎么说话才不显得低人一等,搜索流,高,待探测,88,200,700,3,22,2,22,0,4,0,3,5,72,密度高(前排中位2223.5赞)·意图待探测·审核88·质量系数1.0｜意图「待探测」未知→按中档估
2026-08-25,成稿_2026-08-25_不理会小人没用怎么办.md,职场被孤立怎么办,搜索流,中,中,80,350,900,4,28,2,28,0,6,0,4,6,96,密度中(前排中位438.5赞)·意图中·审核80·质量系数1.0
2026-08-25,成稿_2026-08-25_答辩逐字稿.md,答辩到底要不要写逐字稿,搜索流,高,待探测,91,260,910,3,28,2,28,0,6,0,4,5,96,密度高(前排中位2114.0赞)·意图待探测·审核91·质量系数1.3｜意图「待探测」未知→按中档估
2026-08-25,成稿_2026-08-25_终面低人一等.md,终面怎么说话才不显得低人一等,搜索流,高,待探测,86,200,700,3,22,2,22,0,4,0,3,5,72,密度高(前排中位2223.5赞)·意图待探测·审核86·质量系数1.0｜意图「待探测」未知→按中档估
2026-08-25,成稿_2026-08-25_做不到平静回应.md,做不到平静回应怎么办,搜索流,中,待探测,89,350,900,4,28,2,28,0,6,0,4,6,96,密度中(前排中位513.5赞)·意图待探测·审核89·质量系数1.0｜意图「待探测」未知→按中档估
2026-08-26,成稿_2026-08-26_答辩逐字稿.md,答辩到底要不要写逐字稿,搜索流,高,待探测,92,260,910,3,28,2,28,0,6,0,4,5,96,密度高(前排中位2114.0赞)·意图待探测·审核92·质量系数1.3｜意图「待探测」未知→按中档估
2026-08-26,成稿_2026-08-26_终面低人一等.md,终面怎么说话才不显得低人一等,搜索流,高,待探测,87,200,700,3,22,2,22,0,4,0,3,5,72,密度高(前排中位2223.5赞)·意图待探测·审核87·质量系数1.0｜意图「待探测」未知→按中档估
2026-08-26,成稿_2026-08-26_答辩逐字稿.md,答辩到底要不要写逐字稿,搜索流,高,待探测,84,200,700,3,22,2,22,0,4,0,3,5,72,密度高(前排中位2114.0赞)·意图待探测·审核84·质量系数1.0｜意图「待探测」未知→按中档估
2026-08-26,成稿_2026-08-26_终面低人一等.md,终面怎么说话才不显得低人一等,搜索流,高,待探测,91,260,910,3,28,2,28,0,6,0,4,5,96,密度高(前排中位2223.5赞)·意图待探测·审核91·质量系数1.3｜意图「待探测」未知→按中档估
2026-08-26,成稿_2026-08-26_不回应会不会被当成好欺负.md,不回应会不会被当成好欺负,搜索流,高,待探测,82,200,700,3,22,2,22,0,4,0,3,5,72,密度高(前排中位1110.0赞)·意图待探测·审核82·质量系数1.0｜意图「待探测」未知→按中档估
2026-08-27,成稿_2026-08-27_答辩逐字稿.md,答辩到底要不要写逐字稿,搜索流,高,待探测,92,260,910,3,28,2,28,0,6,0,4,5,96,密度高(前排中位2114.0赞)·意图待探测·审核92·质量系数1.3｜意图「待探测」未知→按中档估
2026-08-27,成稿_2026-08-27_终面低人一等.md,终面怎么说话才不显得低人一等,搜索流,高,待探测,91,260,910,3,28,2,28,0,6,0,4,5,96,密度高(前排中位2223.5赞)·意图待探测·审核91·质量系数1.3｜意图「待探测」未知→按中档估
2026-08-27,成稿_2026-08-27_不会说场面话过老板终面.md,不会说场面话的人怎么过老板终面,搜索流,高,高,84,200,700,4,29,2,29,0,6,0,4,6,98,密度高(前排中位1378.0赞)·意图高·审核84·质量系数1.0
2026-08-27,成稿_2026-08-27_答辩逐字稿.md,答辩到底要不要写逐字稿,搜索流,高,待探测,86,200,700,3,22,2,22,0,4,0,3,5,72,密度高(前排中位2114.0赞)·意图待探测·审核86·质量系数1.0｜意图「待探测」未知→按中档估
2026-08-27,成稿_2026-08-27_终面低人一等.md,终面怎么说话才不显得低人一等,搜索流,高,待探测,86,200,700,3,22,2,22,0,4,0,3,5,72,密度高(前排中位2223.5赞)·意图待探测·审核86·质量系数1.0｜意图「待探测」未知→按中档估
2026-08-27,成稿_2026-08-27_跳槽无缝衔接离职不伤和气.md,如何跳槽无缝衔接？如何离职不伤和气？,搜索流,高,待探测,84,200,700,3,22,2,22,0,4,0,3,5,72,密度高(前排中位1010.5赞)·意图待探测·审核84·质量系数1.0｜意图「待探测」未知→按中档估
2026-08-28,成稿_2026-08-28_答辩逐字稿.md,答辩到底要不要写逐字稿,搜索流,高,待探测,88,200,700,3,22,2,22,0,4,0,3,5,72,密度高(前排中位2114.0赞)·意图待探测·审核88·质量系数1.0｜意图「待探测」未知→按中档估
2026-08-28,成稿_2026-08-28_答辩逐字稿.md,答辩到底要不要写逐字稿,搜索流,高,待探测,86,200,700,3,22,2,22,0,4,0,3,5,72,密度高(前排中位2114.0赞)·意图待探测·审核86·质量系数1.0｜意图「待探测」未知→按中档估
2026-08-28,成稿_2026-08-28_晋升述职业务理解数据放什么.md,晋升述职 业务理解板块 数据放什么,搜索流,中,待探测,83,350,900,4,28,2,28,0,6,0,4,6,96,密度中(前排中位517赞)·意图待探测·审核83·质量系数1.0｜意图「待探测」未知→按中档估
2026-08-28,成稿_2026-08-28_答辩逐字稿.md,答辩到底要不要写逐字稿,搜索流,高,待探测,90,260,910,3,28,2,28,0,6,0,4,5,96,密度高(前排中位2114.0赞)·意图待探测·审核90·质量系数1.3｜意图「待探测」未知→按中档估
2026-08-28,成稿_2026-08-28_报风险被针对不是他记仇.md,说完方案领导没反应怎么办,搜索流,低,中,84,60,250,1,8,1,8,0,2,0,1,2,28,密度低(前排中位12赞)·意图中·审核84·质量系数1.0
2026-08-28,成稿_2026-08-28_答辩逐字稿.md,答辩到底要不要写逐字稿,搜索流,高,待探测,88,200,700,3,22,2,22,0,4,0,3,5,72,密度高(前排中位2114.0赞)·意图待探测·审核88·质量系数1.0｜意图「待探测」未知→按中档估
2026-08-28,成稿_2026-08-28_晋升述职角色认知写现岗还是目标岗.md,晋升述职 角色认知 写现岗还是目标岗,搜索流,高,待探测,81,200,700,3,22,2,22,0,4,0,3,5,72,密度高(前排中位1159赞)·意图待探测·审核81·质量系数1.0｜意图「待探测」未知→按中档估
2026-08-28,成稿_2026-08-28_答辩逐字稿.md,答辩到底要不要写逐字稿,搜索流,高,待探测,90,260,910,3,28,2,28,0,6,0,4,5,96,密度高(前排中位2114.0赞)·意图待探测·审核90·质量系数1.3｜意图「待探测」未知→按中档估
2026-08-28,成稿_2026-08-28_对不讲理的同事沉默有用吗.md,职场被轻视怎么办,搜索流,高,中,88,200,700,3,22,2,22,0,4,0,3,5,72,密度高(前排中位620.0赞)·意图中·审核88·质量系数1.0
2026-08-28,成稿_2026-08-28_答辩逐字稿.md,答辩到底要不要写逐字稿,搜索流,高,待探测,89,200,700,3,22,2,22,0,4,0,3,5,72,密度高(前排中位2114.0赞)·意图待探测·审核89·质量系数1.0｜意图「待探测」未知→按中档估
2026-08-28,成稿_2026-08-28_私企hr终面能问什么.md,私企hr终面能问什么,搜索流,高,待探测,81,200,700,3,22,2,22,0,4,0,3,5,72,密度高(前排中位797.5赞)·意图待探测·审核81·质量系数1.0｜意图「待探测」未知→按中档估
2026-08-28,成稿_2026-08-28_答辩逐字稿.md,答辩到底要不要写逐字稿,搜索流,高,待探测,88,200,700,3,22,2,22,0,4,0,3,5,72,密度高(前排中位2114.0赞)·意图待探测·审核88·质量系数1.0｜意图「待探测」未知→按中档估
2026-08-28,成稿_2026-08-28_能力一般被同事孤立怎么办.md,能力一般被同事孤立怎么办,搜索流,中,待探测,88,350,900,4,28,2,28,0,6,0,4,6,96,密度中(前排中位580赞)·意图待探测·审核88·质量系数1.0｜意图「待探测」未知→按中档估
2026-08-28,成稿_2026-08-28_答辩逐字稿.md,答辩到底要不要写逐字稿,搜索流,高,待探测,84,200,700,3,22,2,22,0,4,0,3,5,72,密度高(前排中位2114.0赞)·意图待探测·审核84·质量系数1.0｜意图「待探测」未知→按中档估
2026-08-28,成稿_2026-08-28_应届生hr终面怎么答.md,应届生hr终面怎么答,搜索流,高,待探测,86,200,700,3,22,2,22,0,4,0,3,5,72,密度高(前排中位605.0赞)·意图待探测·审核86·质量系数1.0｜意图「待探测」未知→按中档估
2026-08-28,成稿_2026-08-28_答辩逐字稿.md,答辩到底要不要写逐字稿,搜索流,高,待探测,84,200,700,3,22,2,22,0,4,0,3,5,72,密度高(前排中位2114.0赞)·意图待探测·审核84·质量系数1.0｜意图「待探测」未知→按中档估
2026-08-28,成稿_2026-08-28_领导默许的孤立他在等什么.md,领导默许的孤立怎么办,搜索流,高,待探测,81,200,700,3,22,2,22,0,4,0,3,5,72,密度高(前排中位662.5赞)·意图待探测·审核81·质量系数1.0｜意图「待探测」未知→按中档估
2026-08-28,成稿_2026-08-28_答辩逐字稿.md,答辩到底要不要写逐字稿,搜索流,高,待探测,90,260,910,3,28,2,28,0,6,0,4,5,96,密度高(前排中位2114.0赞)·意图待探测·审核90·质量系数1.3｜意图「待探测」未知→按中档估
2026-08-28,成稿_2026-08-28_答辩被问懵大脑空白.md,答辩PPT讲到一半被打断怎么办,搜索流,中,高,83,350,900,7,38,4,38,1,8,1,6,19,132,密度中(前排中位226赞)·意图高·审核83·质量系数1.0
2026-08-28,成稿_2026-08-28_当众怼回来怎么办.md,职场被轻视怎么办,搜索流,高,中,82,200,700,3,22,2,22,0,4,0,3,5,72,密度高(前排中位620.0赞)·意图中·审核82·质量系数1.0
2026-08-28,成稿_2026-08-28_答辩逐字稿.md,答辩到底要不要写逐字稿,搜索流,高,待探测,83,200,700,3,22,2,22,0,4,0,3,5,72,密度高(前排中位2114.0赞)·意图待探测·审核83·质量系数1.0｜意图「待探测」未知→按中档估
2026-08-28,成稿_2026-08-28_答辩逐字稿.md,答辩到底要不要写逐字稿,搜索流,高,待探测,85,200,700,3,22,2,22,0,4,0,3,5,72,密度高(前排中位2114.0赞)·意图待探测·审核85·质量系数1.0｜意图「待探测」未知→按中档估
2026-08-28,成稿_2026-08-28_领导带头孤立我怎么办.md,领导带头孤立我怎么办,搜索流,高,待探测,88,200,700,3,22,2,22,0,4,0,3,5,72,密度高(前排中位696赞)·意图待探测·审核88·质量系数1.0｜意图「待探测」未知→按中档估
2026-08-28,成稿_2026-08-28_答辩逐字稿.md,答辩到底要不要写逐字稿,搜索流,高,待探测,86,200,700,3,22,2,22,0,4,0,3,5,72,密度高(前排中位2114.0赞)·意图待探测·审核86·质量系数1.0｜意图「待探测」未知→按中档估
2026-08-31,成稿_2026-08-31_答辩逐字稿.md,答辩到底要不要写逐字稿,搜索流,高,待探测,87,200,700,3,22,2,22,0,4,0,3,5,72,密度高(前排中位2114.0赞)·意图待探测·审核87·质量系数1.0｜意图「待探测」未知→按中档估
2026-08-31,成稿_2026-08-31_面试被问能不能接受加班.md,面试被问能不能接受加班怎么回答,搜索流,低,待探测,85,250,600,3,19,2,19,0,4,0,3,5,66,密度低(前排中位?赞)·意图待探测·审核85·质量系数1.0｜意图「待探测」未知→按中档估
2026-09-01,成稿_2026-09-01_答辩逐字稿.md,答辩到底要不要写逐字稿,搜索流,高,待探测,85,200,700,3,22,2,22,0,4,0,3,5,72,密度高(前排中位2114.0赞)·意图待探测·审核85·质量系数1.0｜意图「待探测」未知→按中档估
2026-09-01,成稿_2026-09-01_hr问薪资怎么回答.md,hr问上一份薪资多少怎么回答,搜索流,低,待探测,80,250,600,3,19,2,19,0,4,0,3,5,66,密度低(前排中位193.5赞)·意图待探测·审核80·质量系数1.0｜意图「待探测」未知→按中档估
2026-09-01,成稿_2026-09-01_晋升述职只会罗列工作怎么改.md,晋升述职 只会罗列工作 怎么改,搜索流,中,待探测,81,350,900,4,28,2,28,0,6,0,4,6,96,密度中(前排中位303赞)·意图待探测·审核81·质量系数1.0｜意图「待探测」未知→按中档估
2026-09-01,成稿_2026-09-01_试用期过了没谈转正.md,试用期过了没谈转正,搜索流,低,高,80,250,600,5,25,3,25,0,5,0,4,8,86,密度低(前排中位?赞)·意图高·审核80·质量系数1.0
2026-09-01,成稿_2026-09-01_试用期过了不算试用.md,试用期过了不给转正怎么说,搜索流,中,高,81,350,900,7,38,4,38,1,8,1,6,19,132,密度中(前排中位?赞)·意图高·审核81·质量系数1.0
2026-09-01,成稿_2026-09-01_答辩被打断该不该解释.md,答辩被打断该不该解释,搜索流,中,待探测,86,350,900,4,28,2,28,0,6,0,4,6,96,密度中(前排中位592.5赞)·意图待探测·审核86·质量系数1.0｜意图「待探测」未知→按中档估
2026-09-01,成稿_2026-09-01_社保对不上栽在入职那天.md,编造工作经历和社保记录对不上怎么解释,搜索流,低,高,82,250,600,5,25,3,25,0,5,0,4,8,86,密度低(前排中位?赞)·意图高·审核82·质量系数1.0
2026-09-01,成稿_2026-09-01_试用期过了不算试用.md,试用期过了不给转正怎么说,搜索流,中,高,82,350,900,7,38,4,38,1,8,1,6,19,132,密度中(前排中位?赞)·意图高·审核82·质量系数1.0
2026-09-01,成稿_2026-09-01_试用期过了不算试用.md,试用期过了不给转正怎么说,搜索流,中,高,80,350,900,7,38,4,38,1,8,1,6,19,132,密度中(前排中位?赞)·意图高·审核80·质量系数1.0
2026-09-01,成稿_2026-09-01_面试被问没被录用怎么办.md,面试靠谱回答如果没被录用怎么办?,搜索流,低,待探测,84,250,600,3,19,2,19,0,4,0,3,5,66,密度低(前排中位?赞)·意图待探测·审核84·质量系数1.0｜意图「待探测」未知→按中档估
2026-09-02,成稿_2026-09-02_试用期过了不算试用.md,试用期过了不给转正怎么说,搜索流,中,高,82,350,900,7,38,4,38,1,8,1,6,19,132,密度中(前排中位?赞)·意图高·审核82·质量系数1.0
2026-09-02,成稿_2026-09-02_hr面问试岗期怎么问.md,hr面问试岗期怎么问不得罪,搜索流,高,待探测,87,200,700,3,22,2,22,0,4,0,3,5,72,密度高(前排中位689赞)·意图待探测·审核87·质量系数1.0｜意图「待探测」未知→按中档估
2026-09-02,成稿_2026-09-02_试用期过了不算试用.md,试用期过了不给转正怎么说,搜索流,中,高,81,350,900,7,38,4,38,1,8,1,6,19,132,密度中(前排中位?赞)·意图高·审核81·质量系数1.0
2026-09-02,成稿_2026-09-02_面试问优缺点高情商回答.md,面试优缺点怎么高情商回答,搜索流,高,待探测,88,200,700,3,22,2,22,0,4,0,3,5,72,密度高(前排中位?赞)·意图待探测·审核88·质量系数1.0｜意图「待探测」未知→按中档估
2026-09-03,成稿_2026-09-03_试用期过了没谈转正.md,试用期过了没谈转正,搜索流,低,高,85,250,600,5,25,3,25,0,5,0,4,8,86,密度低(前排中位?赞)·意图高·审核85·质量系数1.0
2026-09-03,成稿_2026-09-03_试用期过了不算试用.md,试用期过了不给转正怎么说,搜索流,中,高,81,350,900,7,38,4,38,1,8,1,6,19,132,密度中(前排中位?赞)·意图高·审核81·质量系数1.0
2026-09-03,成稿_2026-09-03_低学历自我介绍怎么说.md,低学历面试自我介绍怎么说,搜索流,高,待探测,85,200,700,3,22,2,22,0,4,0,3,5,72,密度高(前排中位2899.0赞)·意图待探测·审核85·质量系数1.0｜意图「待探测」未知→按中档估
2026-09-03,成稿_2026-09-03_试用期过了不算试用.md,试用期过了不给转正怎么说,搜索流,中,高,81,350,900,7,38,4,38,1,8,1,6,19,132,密度中(前排中位?赞)·意图高·审核81·质量系数1.0
2026-09-03,成稿_2026-09-03_社保对不上栽在入职那天.md,编造工作经历和社保记录对不上怎么解释,搜索流,低,高,82,250,600,5,25,3,25,0,5,0,4,8,86,密度低(前排中位?赞)·意图高·审核82·质量系数1.0
2026-09-03,成稿_2026-09-03_面试优缺点缺点别硬转.md,面试时怎么说自己的优缺点,搜索流,高,高,80,200,700,4,29,2,29,0,6,0,4,6,98,密度高(前排中位1550.5赞)·意图高·审核80·质量系数1.0
2026-09-04,成稿_2026-09-04_试用期过了没谈转正.md,试用期过了没谈转正,搜索流,低,高,83,250,600,5,25,3,25,0,5,0,4,8,86,密度低(前排中位?赞)·意图高·审核83·质量系数1.0
2026-09-04,成稿_2026-09-04_试用期过了不算试用.md,试用期过了不给转正怎么说,搜索流,中,高,82,350,900,7,38,4,38,1,8,1,6,19,132,密度中(前排中位?赞)·意图高·审核82·质量系数1.0
2026-09-04,成稿_2026-09-04_社保对不上栽在入职那天.md,编造工作经历和社保记录对不上怎么解释,搜索流,低,高,81,250,600,5,25,3,25,0,5,0,4,8,86,密度低(前排中位?赞)·意图高·审核81·质量系数1.0
2026-09-04,成稿_2026-09-04_领导甩锅群里怎么回.md,领导甩锅的幽默文案怎么写,搜索流,高,待探测,88,200,700,3,22,2,22,0,4,0,3,5,72,密度高(前排中位1376赞)·意图待探测·审核88·质量系数1.0｜意图「待探测」未知→按中档估
2026-09-04,成稿_2026-09-04_试用期过了没谈转正.md,试用期过了没谈转正,搜索流,低,高,88,250,600,5,25,3,25,0,5,0,4,8,86,密度低(前排中位?赞)·意图高·审核88·质量系数1.0
2026-09-04,成稿_2026-09-04_试用期过了不算试用.md,试用期过了不给转正怎么说,搜索流,中,高,82,350,900,7,38,4,38,1,8,1,6,19,132,密度中(前排中位?赞)·意图高·审核82·质量系数1.0
2026-09-04,成稿_2026-09-04_社保对不上栽在入职那天.md,编造工作经历和社保记录对不上怎么解释,搜索流,低,高,86,250,600,5,25,3,25,0,5,0,4,8,86,密度低(前排中位?赞)·意图高·审核86·质量系数1.0
2026-09-04,成稿_2026-09-04_身体原因离职面试怎么答.md,身体原因离职面试怎么回答,搜索流,高,待探测,83,200,700,3,22,2,22,0,4,0,3,5,72,密度高(前排中位?赞)·意图待探测·审核83·质量系数1.0｜意图「待探测」未知→按中档估
