面试凉了的信号	https://zhuanlan.zhihu.com/p/688294451	面试到底凉没凉，面试官已经告诉你了	知乎专栏
面试凉了的信号	https://www.zhihu.com/question/446330920	哪些"暗示"决定面试成败，你读懂了么？	知乎
面试凉了的信号	https://zhuanlan.zhihu.com/p/1893612806076621088	面试后暗示你不被录用的潜台词：听懂这些信号，避免无效等待	知乎专栏
面试凉了的信号	https://www.wondercv.com/blog/hgjo07qa.html	面试后没消息怎么办？HR教你判断凉经还是流程慢	超级简历WonderCV
面试凉了的信号	https://zhuanlan.zhihu.com/p/94147043	面试中出现这些信号，表明你面试没戏了	知乎专栏
面试凉了的信号	https://www.zhihu.com/question/267849861/answer/526827502	怎么判断自己面试是不是凉了？	知乎
面试凉了的信号	https://zhuanlan.zhihu.com/p/347691321	资深HR爆料！遇到这几个面试信号，你多半已经凉凉了	知乎专栏
面试脏面评	https://m.huxiu.com/article/2568125.html	面试了70家公司，我才放下大厂人的面子	虎嗅网
面试脏面评	https://www.nowcoder.com/feed/main/detail/3ee06d8fb119480f9886e7fe80253a7e	大佬们 想请教一下大厂面评是个什么情况	牛客网
面试脏面评	https://www.nowcoder.com/discuss/727167323152318464	面试中的刁钻问题及应对策略	牛客网
面试脏面评	https://www.nowcoder.com/feed/main/detail/c84dde5d36784edebc9f34bc6fbc527b	还没准备好就要去面试了，答得不好会脏面评	牛客网
面试脏面评	https://www.nowcoder.com/feed/main/detail/5c58173ead374483b70d29a6095d7f7d	约到字节面试了 但是有面评 不敢去	牛客网
面试脏面评	https://www.nowcoder.com/feed/main/detail/be73fe4b0d87400f8c31662d9d20d296	字节面评维持多久啊，影响大吗	牛客网
面试脏面评	https://javabetter.cn/nice-article/weixin/miansmtgl.html	面试常见词汇扫盲+大厂面试特点分享	二哥的Java进阶之路
面试凉了的信号	https://www.sohu.com/a/1026356249_122603125	面试结束后要不要主动问结果？怎么问？	搜狐
面试凉了的信号	https://blog.ihr360.com/p/306096/	HR面试完怎么说？面试结束后该如何礼貌回应？	i人事
面试凉了的信号	https://www.zhihu.com/question/651409393	面试之后要不要主动询问面试结果？	知乎
面试凉了的信号	https://www.mianlingai.com/blog/interview-follow-up-after-no-reply-guide/	面试后一直没消息该不该主动跟进：时机判断和话术模板完整指南	面灵AI博客
面试凉了的信号	https://www.qituowang.com/portal/130550.html	投递简历没回音怎么问，如何询问HR投递进度？	企拓网
面试凉了的信号	https://www.resumemakeroffer.com/blog/post/105468	面试后怎么礼貌地询问面试结果？话术模板分享	AI简历姬
职场分寸感	https://zhuanlan.zhihu.com/p/523843502	同事关系最好的状态就是懂得边界感	知乎专栏
职场分寸感	https://zhuanlan.zhihu.com/p/2035303926556251756	与同事高情商相处｜简单好用、落地实操	知乎专栏
职场分寸感	https://zhuanlan.zhihu.com/p/1898832348981756909	怎样守好职场边界感	知乎专栏
职场分寸感	https://zhuanlan.zhihu.com/p/441978594	关于职场中的边界感	知乎专栏
职场分寸感	https://news.mbalib.com/story/245329	职场中的边界管理	MBA智库资讯
职场分寸感	https://zhuanlan.zhihu.com/p/574196505	在职场如何把握边界感？	知乎专栏
职场分寸感	https://www.jianli.com/article/gkyevw.html	职场边界感的重要性	简历网
职场分寸感	https://zhuanlan.zhihu.com/p/607999072	职场中如何建立边界感，需要掌握这6点！	知乎专栏
