职场表达	6a051e9e00000000080026df	职场会接话的重要性～	12.9万	快乐的小小我
职场表达	6a05377b0000000006022164	职场会接话的重要性（老板篇）	1.8万	沙伲有梗
职场表达	69e45896000000001a02f5bc	如何让你的职场沟通拥有"高管感"	3460	Pitaaaa的成长笔记
职场表达	67d8f08e000000001201c472	全英会议不再是我们职场最大的绊脚石！码住	3377	静待花开（英语伴读日记）
职场表达	68c56210000000001d019860	6个万能表述公式，告别逻辑混乱	4712	培训杰森老师
职场表达	686b477d000000000b02f344	外企干货 Small talk 高手怎么说话？	984	Eason学英语
职场表达	69d842450000000021012226	弱者表达，正在激起同事的恶意	1.4万	Mr Jonathan
职场表达	6a1a417200000000370368b5	（无标题）	3396	向上渡己
职场表达	686fc42d0000000010012ee1	领导不管问啥，就记住一个话术原则	3760	杭漂小倪
职场表达	6861b86f0000000015022ee7	如何像领导者一样向上级汇报进展	1535	么有人在
职场表达	69a6e6570000000022031f63	职场里一定要减少这些弱者表达！	4829	拽姐聊职场（日更版）
职场表达	68ce85d30000000013005a38	沟通能力强的人，说话顺序都是这样的	2457	职场人成长计划
职场表达	68af0170000000001d0292ff	学校根本不教的英语表达，进了职场才知道	789	倔强的Austin
职场表达	6a396cbf000000001702be55	职场英文实战！如何官方优雅地表达不同意见	742	火锅森
职场表达	6a27e8d2000000001603d292	（无标题）	11.8万	张大碗子
面试技巧	692e6443000000001b032902	看完这篇再去面试，瞬间提升好感度	1.3万	Mr Jonathan
面试技巧	6a6bc91a0000000008009c00	1个面试不卡壳的万能话术	710	Mr Jonathan Office
面试技巧	6a5698fa000000001c0245af	面试官是怎么判断你沟通能力好不好的	1.8万	Mr Jonathan
面试技巧	6905e8d6000000000503832e	面试时不要太老实	1.2万	小玖勇闯职场
面试技巧	6964f93e000000002103e9b7	手把手教学面试准备｜这才是面试官想听的	4万	长缨不嘤嘤
面试技巧	69cab28700000000230201f0	面试拿offer的人，身上都有一种高配得感	2191	富萝拉 Flora
面试技巧	69d2ee60000000001b00288b	失业求职必看：越想证明自己，面试越被动	2871	猴猴肚肚
面试技巧	695ed1f0000000002103f47a	这道面试必问题 需要一点心眼子来回答	1.8万	Mr Jonathan
面试技巧	69a11684000000001a026624	压力面试，是你甩开对手的好机会（第三期）	4.4万	会说话的豆腐
面试技巧	686a7eba0000000010013166	面试技巧☆刁钻问答	523	Vamos a aprenderlo
面试技巧	69d788da000000001a023f12	其实面试中沟通的丝滑感，是可以逼出来的	1152	林木互联网职场说
面试技巧	67f572f6000000001e006b55	回答Why do you want to work for us？	322	小熊在学习
面试技巧	694ce910000000001f00fe7e	面试时这样介绍项目经历，通过率提升90%	1.1万	Ken的趣识堂
面试技巧	69bc0932000000001a0204e6	3个反问让面试官决定录用你	4.3万	予希执行力提升
面试技巧	69d7063600000000210122ce	华人面试张口就来的3句话	7488	Mr Jonathan
面试技巧	69c1e95a0000000022001c80	面试中如何迅速体现"AI思维"	1450	Mr Jonathan
面试技巧	693fd48d000000001e02390b	通过率100%的面试技巧，都在这里啦！	5.9万	李宇嘉_Lyjiaa
面试技巧	69af6c3d000000001503b0dc	怎么让面试官对你增加好感	7213	Mr Jonathan
面试技巧	6861a96700000000120225bf	不管哪个专业，第一轮的面试大同小异！	1423	Ellyn硅谷成长笔记
面试技巧	69d5656b000000002102d3f9	面试官的陷阱 你就傻傻的跳进去了？	2562	Mr Jonathan
面试什么话该说	692e6443000000001b032902	看完这篇再去面试，瞬间提升好感度	1.3万	Mr Jonathan
面试什么话该说	67f63a7a000000001d025357	难怪他们job interview都这么轻松	1.8万	布鲁斯
面试什么话该说	6a37ffd70000000011017ada	（无标题）	155	May May
面试什么话该说	69bb67420000000021038e8a	面试技巧｜领导在面试时最关心的是什么？	2298	芳宇教练空间
面试什么话该说	6a5e2dc40000000014004207	面试时不要太老实！这样回答才加分	1.4万	练表达的橙子
面试什么话该说	69d7063600000000210122ce	华人面试张口就来的3句话	7488	Mr Jonathan
面试什么话该说	6987d6aa000000001502048a	面试不管问你啥，记住一个话术原则	163	七月（职场引领官）
面试什么话该说	68a6ffdb000000001d01c6a8	高频面试题标准答案（附话术版）来抄作业！	1.5万	乐来乐职
面试什么话该说	69d7669c000000001b00240e	弱爆vs自信，面试话术差太多了	98	斐常职场
面试什么话该说	694ce910000000001f00fe7e	面试时这样介绍项目经历，通过率提升90%	1.1万	Ken的趣识堂
面试什么话该说	69f0892d000000003503be84	面试不管问你啥 就记住一个话术原则	2219	之间之见
面试什么话该说	695ed1f0000000002103f47a	这道面试必问题 需要一点心眼子来回答	1.8万	Mr Jonathan
面试什么话该说	67176563000000001600caa5	其实95%的job interview，确实靠背出来的	2070	becky在波士顿
面试什么话该说	69d761b4000000001e00f465	面试次数多了，什么都倒背如流！	3217	早晚暴富的小瑜同学
面试什么话该说	6777bf44000000001300a3ed	job interview面试，骂醒一个是一个	1070	Lilly in Au
面试什么话该说	6994652e000000000a02a373	从候场到进场，30分钟反杀面试官	137	斐常职场
面试什么话该说	6861a96700000000120225bf	不管哪个专业，第一轮的面试大同小异！	1423	Ellyn硅谷成长笔记
面试什么话该说	67f572f6000000001e006b55	回答Why do you want to work for us？	322	小熊在学习
面试什么话该说	66d82df5000000001e01b8bb	00后面试自我介绍已是nextlevel了（万能公式	2.7万	珍波椰去冰
面试什么话该说	69b0d1c5000000000600dffc	面试被问到核心竞争力，脑子一片空白怎么办	500	苔藓时间
面试什么话不能说	6a715944000000002c007c61	结构化面试什么不能说	2	Eric  职场潜台词翻译官
面试什么话不能说	69d7063600000000210122ce	华人面试张口就来的3句话	7488	Mr Jonathan
面试什么话不能说	663a7ac0000000001e0335fa	每次都后悔，最后时刻没什么问题问面试官	887	北美求职推荐官
面试什么话不能说	6905e8d6000000000503832e	面试时不要太老实	1.2万	小玖勇闯职场
面试什么话不能说	6a213d46000000000702100d	一些给人印象很差的面试行为	2513	积极成长的慧娜
面试什么话不能说	6a7366a4000000002500289c	面试反应力不足，冰哥讲透了说话的艺术	5911	冰言记
面试什么话不能说	6a13c9150000000007022d9c	听不懂HR的潜台词？难怪面试不成功	1728	Justin学长
面试什么话不能说	6a031219000000003701faf1	面试时最让HR讨厌的3种自我介绍	133	职得谈
面试什么话不能说	6a81803a000000002201528e	面试时，自我介绍和工作经历千万别混着讲	15	Sylvie 醒了
面试什么话不能说	695f8f1d000000000b00ad93	强烈建议大家面试时不该说的话别说	4970	小韩求职记（日更版
面试什么话不能说	6a2512cd000000000803318a	面试官讨厌的三句话	2.5万	说声谢谢我爱你
面试什么话不能说	69ded44b000000001a026a00	面试时 你不得不说的4个谎言	8786	Mr Jonathan
面试什么话不能说	69e703110000000023005aa6	HR不会告诉你｜为什么很多话不能直接讲？	3	AskS｜北美HR-职场咨询
面试什么话不能说	6a81098f00000000250030f2	毕业后再也不想做实验了｜面试不能说	29	生物打工人情报局
面试什么话不能说	68faac580000000004005ba2	Hiring manager心声：千万别在面试中说这些	270	YY的逆袭日记
面试什么话不能说	69f0892d000000003503be84	面试不管问你啥 就记住一个话术原则	2219	之间之见
面试什么话不能说	6731ef07000000003c01404f	不想白跑一趟，面试时这4句话一定不要说！	1.4万	不做人事的猕猴唐
面试什么话不能说	69d286f90000000022025ce2	面试中绝对不能说的三句话	5496	暴躁土豆求职百科
面试什么话不能说	695a15b0000000001e013401	奉劝大家面试时，不该说的话别说	21	芝芝不困
面试什么话不能说	6777bf44000000001300a3ed	job interview面试，骂醒一个是一个	1070	Lilly in Au
职场分寸感	6a4dd7600000000020038bb5	职场最难学会的，不是能力，而是分寸	1.3万	冰言记
职场分寸感	67dce47100000000030289cd	别太把领导当自己人，分寸感才是职场保命符	1.7万	小Z成长记
职场分寸感	69d9c974000000002102f926	男女同事保持边界感的几个点	782	慧敏
职场分寸感	6a7e3faa0000000025007715	多伦多 vs 纽约 职场边界感去哪了？	10	刘总的北美双城记
职场分寸感	6a45e3070000000007024de5	没边界感 vs 有边界感，一眼看懂你为什么累	359	颖火虫心育空间
职场分寸感	6a2f125d0000000008001117	职场相处之道～	3.1万	快乐的小小我
职场分寸感	69a5a421000000002603f1d2	大冰谈职场，后悔没早点刷到的清醒发言	2739	油炸绿番茄
职场分寸感	69da3746000000001b000b7b	职场不累人：只做事，不共情	148	人间小治愈
职场分寸感	69a8cc04000000000e00da8d	已婚人士职场与异性相处的原则，早懂早避雷	54	我不是教你学坏
职场分寸感	6a659baf000000000f005503	分寸感，是最好的修养	201	阿问奶奶
职场分寸感	6a338a53000000001702f6db	普通人的职场生存指南~	7439	小来不内耗
职场分寸感	69f295eb000000002202727f	不撕破脸，也能立住边界	114	自保清醒修炼社
职场分寸感	69eb6df4000000003502d8e8	永远不要跟下属走太近	309	职场人成长计划
职场分寸感	6a2f815c000000001c026771	职场上不得不有的心眼	58	小火柴懂世故
职场分寸感	69c2488700000000220284a3	什么叫有温度的分寸感	88	小八猫的成长笔记
职场分寸感	6a45fe84000000001503f03c	边界感，是成年人最高级的体面	136	衍希在成长
职场分寸感	6a09dabd0000000007010434	（无标题）	378	职场小火柴
职场分寸感	6a571ed2000000002101988a	边界感是女人最贵的教养	100	知安-心灵成长
职场分寸感	6a165f39000000003700cc96	工作中，有边界感和冷漠真的有用！	12	不惑观职场
职场分寸感	6a3bb5f5000000002103d6b7	职场守好边界感，上下级切勿混成朋友。	11	谢员外评世界
hr只说了薪资范围怎么回	6a72b36d000000000600561b	HR压价时，千万别说"差不多就行"	12	老张的职场笔记
hr只说了薪资范围怎么回	68e8d4bc0000000007039ec9	不要只跟HR谈薪资	867	上班摸鱼的狼妹
hr只说了薪资范围怎么回	6a68630a0000000001031c81	HR说给不到你理想薪资，怎么回	757	Zoe
hr只说了薪资范围怎么回	66b96b2d000000001e019f24	北美找工：如何回应期望薪资	1591	Mentor-Paul
hr只说了薪资范围怎么回	6a5d5bcf000000002201a4b5	HR说"给不到你期望薪资"，三句话谈回来	234	南姐聊职场
hr只说了薪资范围怎么回	69e812a60000000022001f63	3句话正在悄悄压低你的薪资	3929	Mr Jonathan
hr只说了薪资范围怎么回	667b896a000000001e013816	回答面试中的薪资问题-你答对了吗	1.9万	哲子Sylena
hr只说了薪资范围怎么回	6a0555d90000000008001e92	2026年谈薪水只需要这一个视频	892	Car1卡尔
hr只说了薪资范围怎么回	695f2f110000000022009239	HR说大实话之35岁+找工作	1470	Erick
hr只说了薪资范围怎么回	697212710000000022031b8b	被问：你的期望薪资是多少？	7919	越来越幸运的美丽富女
hr只说了薪资范围怎么回	6a2f50cc0000000021023516	面试博弈论9｜谈薪你报的不是价 是底线	1万	猴猴肚肚
hr只说了薪资范围怎么回	682203e7000000002001c7ca	HR不会告诉你：这样谈薪资，当场加钱！	16	精致的壮壮
hr只说了薪资范围怎么回	6a392d80000000001102e680	HR谈薪压价8大话术全拆解，学会就能反杀	425	尼尔学长
hr只说了薪资范围怎么回	69400010000000000d00f51c	外企 HR 最爱听的 3 句话	203	白露的英文频道
hr只说了薪资范围怎么回	66697a85000000000e030e1f	面试被压薪酬？这样做让你更有底气	317	脱不花
hr只说了薪资范围怎么回	69997ddd000000000a02a702	少说一句话，一年亏30万！谈薪话术拿走	592	斐常职场
hr只说了薪资范围怎么回	69444753000000001f00b60a	拿到心仪总包！这几个模板背好~	6	EZTechCareer
hr只说了薪资范围怎么回	67a6c757000000002602c020	HR压薪破解：是给不了，还是你不会谈？	1843	职场教练Echo
hr只说了薪资范围怎么回	6a0143b40000000035028018	跳了5次槽才发现，薪资谈判就说这3句话	12	魔芋来了
hr只说了薪资范围怎么回	682162d6000000002202a115	面试经｜你的期待薪资是多少？	2821	哲子Sylena
面试凉了的信号	68f249570000000004014392	面试官不想录用你的10个暗示	279	Dimple
面试凉了的信号	6912d3b7000000000300ef03	面试官最后一句话，已经在暗示你结果了	381	有话职说
面试凉了的信号	6993b5360000000009039469	面试凉了的6个危险信号（一抓一个准）	285	职场君微公益
面试凉了的信号	68455af1000000000f03acae	如何判断过没过？小心中了圈套	194	飞橙职场～
面试凉了的信号	666c13d2000000001d016b8b	别等HR回复了这三大表现凉透了	329	Ivy姐姐面试圈
面试凉了的信号	6a3e382f000000000f01d658	面试结束，这3个信号说明稳了	31	阿天职场内参
面试凉了的信号	67e64528000000001d0046e1	真实经验｜从面试甄别公司，满足这几条果断拒	372	季佳
面试凉了的信号	6909f3520000000005013056	面试记录10：果然不想录用你其实早有预兆	120	追风筝的人带你翻盘
面试凉了的信号	686d785c00000000120206c4	这5个信号说明你被默拒了	50	多伦多HR小莉姐
面试凉了的信号	6a23d826000000001702b278	HR悄悄说：面试低于这个时间，基本就是凉了	59	HR 冬久久
面试凉了的信号	6a12a222000000003601843c	面试这 5 个信号对方可能在考虑淘汰你	412	华哥职升
面试凉了的信号	68a2e9ca000000001d00bbd2	面试结束后，如何从HR的回复判断结果？	607	HR_Kayla改简历
面试凉了的信号	69f709d2000000003503af43	面试技巧（56）HR说这5句话 你已经被淘汰了	728	华哥职升
面试凉了的信号	6847d11a000000000c0383b5	面试出现这六个信号基本没戏了	506	钟律普法
面试凉了的信号	68973a2300000000230184a1	懂了原来HR这些暗示是不想录取你	546	李律言法
面试凉了的信号	6a22f2320000000007020a6a	面试挂了的几大特征	91	奥罗拉Aurora职场教练
面试凉了的信号	6a1fdd420000000035022b5d	为什么你面试聊得挺好，最后还是没下文？	20	一碗宽面
面试凉了的信号	6a697d5b00000000110137ea	面试聊得好却没有offer？可能真不是你的原因	12	晓晓在加国慢慢来
面试凉了的信号	684e8cb10000000003039763	面试时出现这类信号基本是没戏了	103	闻律
面试凉了的信号	6a44338c00000000150250c6	（无标题）	28	无敌了
面试脏面评	69aeafa6000000002602f23b	大厂面试官：科普一下大厂面试和面评系统	804	林木互联网职场说
面试脏面评	69e6428c00000000230221eb	血与泪的教训，尤其是大厂面试	214	瓜农在线吃瓜
面试脏面评	68370377000000000303847b	大厂面评一旦脏了，连简历投递都没资格了	59	Judy数据分析求职
面试脏面评	69dccaae000000001a020042	关于大厂面试到底会不会脏面评&是否有kpi面	132	奶黄小薏
面试脏面评	6a054e250000000008003db6	脏面试千万别接 3个反问破局	71	谦谈AI
面试脏面评	680f74be000000002100b9c5	2分钟讲清楚"面评"（防拉黑版	55	不二学长
面试脏面评	67d9a6da0000000006038ec0	hhhhhh	10	（用户）
面试脏面评	6a06d47b000000003600211a	字节面评脏了怎么办？	1795	momo
面试脏面评	69a7d0ce000000001d027d94	真别太害怕脏面评了…	35	Carton
面试脏面评	67cfc059000000000b0171ca	（无标题）	169	momo
面试脏面评	69d5656b000000002102d3f9	面试官的陷阱 你就傻傻的跳进去了？	2562	Mr Jonathan
面试脏面评	67b39487000000001902f854	你的套路回答，HR 听一次烦一次…	840	Mr Jonathan
面试脏面评	66a0ea1f000000000600f81e	Behavior question面试官心目中的标准答案	2703	Aaron in US
面试脏面评	690cff4e0000000005010bd3	【全英】准备越充分，面试越僵硬？	1407	Car1卡尔
面试脏面评	6a066d440000000010001c00	面试官突然冷脸打压？恭喜进入高阶局	199	四十不惑职场人
面试脏面评	67c81863000000002a00fe39	用 AI 面试作弊，还拿到了亚马逊的offer	8307	晓白和林亦
面试脏面评	67c13083000000000903a8d8	（无标题）	1.7万	Catsayer
面试脏面评	66f73e60000000001902d9b7	如何避免乱用AI准备Behavior面试踩雷	422	Desmond Zhou
面试脏面评	67176563000000001600caa5	其实95%的job interview，确实靠背出来的	2070	becky在波士顿
面试脏面评	69634b65000000000d009b82	AI 创业者"吃亏"的 6 种回答方式	62	略懂AI
