面试凉了的信号	68786503000000001d00d142	怎么判断自己面试是不是G了？	75	都市隶人
面试凉了的信号	69fc5a5d000000001f004fa7	面试后这5句"客气话"= 你没通过！别傻等	31	多米说职场
面试凉了的信号	67bea501000000002a00221f	面试"回去等通知"，秒懂潜台词	442	林夕职见
面试凉了的信号	69afbf57000000001d027f5a	面试完说等通知，到底在等什么通知	2491	Offer收割机
面试凉了的信号	6a72913700000000330350f3	面试官说"回去等通知"，3种情况已经没戏了	10	夺冠集团HR
面试凉了的信号	6a01abbc000000000803e435	Offer迟迟不发，其实结果早就定了 教你判断	192	（XHS）
面试凉了的信号	6a4c351d0000000011004402	北美职场｜HR说"回去等通知"，真实潜台词是..	9	Bay街打工仔
面试凉了的信号	691ab7f10000000005038e6e	面试暗示你已经成功了！读懂这些不必焦虑！	1332	HR的真心话
面试凉了的信号	6a2b77f40000000021017fb7	面试后傻等的人，活该被放鸽子	490	欧Sir职场进化
面试凉了的信号	69eb802400000000360338af	面试完说"等通知"，要不要主动问结果？	1130	不赶时间的陈陈
面试凉了的信号	69b7f173000000002103b8b6	面试完傻等通知？90%的offer都死在这步	27	Euphoria
面试凉了的信号	6a295b68000000002103f2f5	面试官说回去等通知你的面试结果其实就出来	12	老张学姐说大实话
面试凉了的信号	69c7942900000000210391ba	HR说"等通知"？4种潜台词让你心里有数	3	哎上班
面试凉了的信号	6a487c3e000000002003b913	全英｜当面试官说"等通知"你应该怎么追后续？	139	Girls Go Goals
面试凉了的信号	69f9a00e000000003502fd05	为何面试后HR不立刻给结果？	133	孙小圣
面试脏面评	69bcb68b000000001a027e56	（全英）被拒绝就是福气！坏事变好事！	1万	（XHS）
面试脏面评	66196c43000000001a0134b9	ghost面试结果的HR都有那个大病吧	97	（XHS）
面试脏面评	692e6269000000000d00da6e	面试被拒？发这一封邮件 还有可能挽回	1278	（XHS）
面试脏面评	65f461ab000000001202376e	被面试官放鸽子这是正常的吗	14	（XHS）
面试脏面评	67f329ef000000001c033da6	怎么样把失败的interview变成networking	253	（XHS）
