成稿文件,标题模式
成稿_2026-08-02_结构化面试不能说.md,其他
成稿_2026-08-02_谈薪预算就这么多.md,其他
成稿_2026-08-03_年终奖中途入职怎么算.md,其他
成稿_2026-08-03_答辩讲一半被打断.md,其他
成稿_2026-08-04_领导不回三种情况.md,数字悬念
成稿_2026-08-05_干最多的常被刷.md,认知反转/反常识
成稿_2026-08-05_轻视第二回合.md,认知反转/反常识
成稿_2026-08-06_晋升答辩数据来源.md,认知反转/反常识
成稿_2026-08-07_HR会通知你.md,认知反转/反常识
成稿_2026-08-07_不想转正先定哪天说.md,认知反转/反常识
成稿_2026-08-07_空降后下属不服管.md,其他
成稿_2026-08-08_先确权再谈价.md,认知反转/反常识
成稿_2026-08-08_刚换领导他在给你建档.md,其他
成稿_2026-08-08_同一道题两个答案.md,数字悬念
成稿_2026-08-08_新领导空降先给你贴标签.md,认知反转/反常识
成稿_2026-08-08_被说像背的不是背得不熟.md,认知反转/反常识
成稿_2026-08-08_还没毕业他在算到岗日期.md,认知反转/反常识
成稿_2026-08-08_面试感谢不是礼貌问题.md,认知反转/反常识
成稿_2026-08-09_一把手先看你归谁管.md,认知反转/反常识
成稿_2026-08-09_汇报被打断.md,认知反转/反常识
成稿_2026-08-09_汇报被打断未必怪你.md,认知反转/反常识
成稿_2026-08-09_绩效被打低分.md,细节震撼
成稿_2026-08-09_试用期没结果.md,认知反转/反常识
成稿_2026-08-09_面试结果他不回多半不是拒绝.md,认知反转/反常识
成稿_2026-08-09_面试结果他不回未必是拒绝.md,认知反转/反常识
成稿_2026-08-11_微信问结果越客气越不回.md,常识颠覆
成稿_2026-08-11_汇报被打断.md,认知反转/反常识
成稿_2026-08-11_绩效被打低分.md,认知反转/反常识
成稿_2026-08-11_职场万用术对领导会翻车.md,常识颠覆
成稿_2026-08-11_面试肢体语言练过头.md,认知反转/反常识
成稿_2026-08-11_面试问能不能接受加班.md,其他
成稿_2026-08-12_HR面试薪酬谈判别再套模板.md,常识颠覆
成稿_2026-08-12_汇报被打断.md,其他
成稿_2026-08-12_综合评估没消息.md,认知反转/反常识
成稿_2026-08-13_答辩被打断评委问的根本不是项目本身.md,认知反转/反常识
成稿_2026-08-13_领导不回消息.md,其他
成稿_2026-08-14_面试前没看到这些话术.md,常识颠覆
成稿_2026-08-14_颈椎病缩肩膀如何假装自信.md,常识颠覆
成稿_2026-08-15_汇报被打断.md,认知反转/反常识
成稿_2026-08-15_离职原因不想编.md,认知反转/反常识
成稿_2026-08-15_面试话术太学生气.md,细节震撼
成稿_2026-08-16_总经理终面问期望薪资怎么答.md,认知反转/反常识
成稿_2026-08-16_接住领导追问思考框架.md,认知反转/反常识
成稿_2026-08-16_晋升答辩有可能不过.md,认知反转/反常识
成稿_2026-08-16_终面低人一等.md,认知反转/反常识
成稿_2026-08-17_面试官看出能力差.md,细节震撼
成稿_2026-08-18_如何一开口工作能力超强.md,认知反转/反常识
成稿_2026-08-18_工资流水.md,认知反转/反常识
成稿_2026-08-18_当众发言紧张怎么办.md,其他
成稿_2026-08-18_答辩30分钟评委走流程怎么讲重点.md,认知反转/反常识
成稿_2026-08-18_终面低人一等.md,其他
成稿_2026-08-19_述职一句话写出价值.md,认知反转/反常识
成稿_2026-08-19_终面低人一等.md,其他
成稿_2026-08-20_口头offer没下文.md,其他
成稿_2026-08-20_合同到期续签涨薪.md,认知反转/反常识
成稿_2026-08-20_救场话术也忘了怎么办.md,认知反转/反常识
成稿_2026-08-20_终面低人一等.md,其他
成稿_2026-08-21_合同到期续签提涨薪.md,其他
成稿_2026-08-21_终面低人一等.md,其他
成稿_2026-08-21_编造经历社保对不上.md,认知反转/反常识
成稿_2026-08-21_让HR直接涨薪的离职原因.md,认知反转/反常识
成稿_2026-08-22_答辩只答不辩.md,常识颠覆
成稿_2026-08-22_终面低人一等.md,认知反转/反常识
成稿_2026-08-22_面试不能透露个人信息.md,认知反转/反常识
成稿_2026-08-23_终面低人一等.md,其他
成稿_2026-08-23_结构化表达不靠公式.md,数字悬念
成稿_2026-08-23_面试官敷衍.md,其他
成稿_2026-08-24_低绩效谈赔偿.md,认知反转/反常识
成稿_2026-08-24_压力面试被怼怎么回.md,其他
成稿_2026-08-24_答辩逐字稿.md,认知反转/反常识
成稿_2026-08-24_终面低人一等.md,其他
成稿_2026-08-24_跟领导开口加薪.md,其他
成稿_2026-08-25_不理会小人没用怎么办.md,认知反转/反常识
成稿_2026-08-25_做不到平静回应.md,认知反转/反常识
成稿_2026-08-25_答辩逐字稿.md,其他
成稿_2026-08-25_终面低人一等.md,其他
